대분류,중분류,화면ID,화면명,핵심기능,CRUD,엑셀,외부연동,비고
관리자(BS),사원관리,BS3110,사원관리,"사원 CRUD, 관리등급/부서/메뉴권한/버튼권한, Ecount 사원번호 매핑",CRUD,O,Ecount-ERP,논리삭제(Y→N)
관리자(BS),도서관리,BS3111,도서관리,"잡지/단행본 코드 CRUD (도서명/구분/가격/우편료1~4/신간)",CRUD,O,,논리삭제(Y→N)
관리자(BS),도서관리,BS3112,도서할인율관리,"수량/구독월수/할인형태별 할인단가 관리",CRUD,O,,논리삭제(Y→N)
관리자(BS),코드관리,BS3114,기초코드관리,"프로그램 내 모든 코드 관리 (대분류/소분류 2레벨)",CRUD,O,,논리삭제(Y→N)
관리자(BS),코드관리,BS3115,결제코드관리,"결제방법 코드 관리 (전화접수가능여부/웹자동결제가능여부)",CRUD,O,,논리삭제(Y→N)
관리자(BS),코드관리,BS3116,국가코드관리,"국가 정보 코드 관리 (국제전화/지역구분)",CRUD,O,,해외구독 지원
관리자(BS),거래처관리,BS3117,거래처관리,"거래처 CRUD, 가상계좌 발급/회수, 4종 결제(신용카드/ARS/가상계좌/현금영수증), 거래중지/재거래, Ecount-ERP 엑셀 양방향(양식다운로드/업로드)",CRUD,O,"나이스페이,Ecount-ERP",영구삭제
관리자(BS),시스템관리,BS3195,프로그램관리,"Sub Menu 등록/수정 (모듈ID/모듈명/모듈유형/클래스명)",CRUD,O,,논리삭제(Y→N)
관리자(BS),시스템관리,BS3193,메뉴관리,"Main→Sub Menu 배치, 메뉴 추가/이동 (Tree 구조)",CRU,,,
관리자(BS),시스템관리,BS3197,버튼관리,"화면별 버튼 등록/수정 관리 (모듈ID/버튼ID/버튼명)",CRUD,,,
관리자(BS),시스템관리,BS3201,메뉴/버튼별 권한관리,"권한정책 CRUD, 메뉴권한/버튼권한 매트릭스 저장 (RBAC)",CRUD,,,
관리자(BS),운영관리,MP3949,선수수익 발송거래 오류내역,"발송거래 선수수익 적용 오류 조회, 단건/일괄 재처리",R,,,"관리자 매뉴얼 수록, 운영용"
접수(SS),구독접수,SS3210,구독접수,"구독 신청/수정/삭제, 신규등록, 선물등록, 구독삭제, 특이사항거래(수취인변경/구독잡지변경/국내국외간구독변경), 결제(신용카드/ARS/가상계좌/현금영수증)",CRUD,O,나이스페이,
접수(SS),구독접수,SS3212,구독접수현황(일자별),"일자별 구독접수내역 조회",R,O,,
접수(SS),회원관리,SS3214,회원관리,"회원 등록/수정, 가상계좌 할당/회수",CRU,O,,
접수(SS),회원관리,SS3215,회원현황,"CTI 연동 (로그인/대기/작업/휴식/걸기/끊기/보류/보류해제/호협의→나이스페이ARS), SMS 문자 발송",R,,"CTI,나이스페이ARS,SMS",
접수(SS),웹연동,SS3216,웹신청자관리,"웹 구독 신청 내역 관리, 회원번호 부여",CRU,O,,웹→CS 연동
접수(SS),회원관리,SS3217,회원주소변경목록,"주소 변경 회원 조회",R,O,,
접수(SS),구독조회,SS3219,월호별구독만료조회,"월호별 구독만료자 조회",R,O,,CSV다운로드
접수(SS),구독조회,SS3220,기간별연장구독건수조회,"기간별 연장 구독건수 현황",R,O,,
접수(SS),새벽햇살,,새벽햇살,"새벽햇살(기증) 등록/수정/삭제",CRUD,O,,기증 프로그램
접수(SS),새벽햇살,,새벽햇살내역조회,"새벽햇살 내역 조회",R,O,,
접수(SS),기타,,계산서 신청목록,"계산서 내역 조회, 발행여부 변경",RU,O,,
입금(DP),미결관리,DP3310,미결입금관리,"미결입금 CRUD",CRUD,O,,
입금(DP),미결관리,DP3311,미결입금처리 및 현황,"구독접수내역/미결내역 조회, 미결→입금처리 (팝업 비고 입력)",RU,O,,
입금(DP),미결관리,DP3312,미결환불현황,"미결 환불취소",RU,O,,
입금(DP),외부파일,DP3313,지로입금처리,"금융결제원 파일(ocrser.txt) 업로드 → 미결내역 저장",CRU,O,금융결제원,파일업로드
입금(DP),외부파일,DP3314,무통장미결입금처리,"엑셀 템플릿 다운로드 → Import (계좌이체 내역 일괄 업로드)",CRU,O,,엑셀Import
입금(DP),입금관리,DP3315,입금약속관리,"신용카드 결제 워크플로우 (카드입금약속→카드승인작업중→카드승인완료→미결입력완료), 삭제",CRUD,O,,상태 워크플로우
입금(DP),입금관리,DP3316,입금관리,"입금 등록/수정/취소, 입금검색 팝업",CRUD,O,,
입금(DP),입금관리,DP3317,입금현황,"입금 내역 조회",R,O,,
입금(DP),구독취소,SS3211,구독취소관리,"구독접수 매출액 취소, 구독접수검색 팝업",CRUD,O,,화면ID는 SS계열
입금(DP),선수수익,DP3318,선수수익관리,"선수수익 내역 관리",CRU,O,,
입금(DP),선수수익,,선수수익 현황표,"선수수익 일별 통계 조회",R,O,,
발송(MP),지로DM,MP3902,지로용지작성(공통),"지로용지 DM 데이터 생성 (발송구분: 정상/재발송/미입금자, 재출력)",CRU,,,배치생성
발송(MP),지로DM,MP3906,지로용지발행(공통),"발송일자/납입기한 갱신, 우편번호별 분리 저장",U,,,
발송(MP),지로DM,MP3919,지로데이터출력(DM)(공통),"지로 데이터 엑셀 다운로드",R,O,,DM업체용
발송(MP),지로DM,MP3907,미입금지로작성(DM)(공통),"미입금/연체자 지로용지 출력 데이터 (연체구분/국내외구분)",CRU,,,
발송(MP),스티커인쇄,MP3940,신규도서발송용스티커인쇄(국내해외),"발송용 스티커 데이터 엑셀 (국내/해외/잡지/단행본/구독월호)",R,O,,
발송(MP),스티커인쇄,MP3943,도서재발송용스티커인쇄,"재발송용 스티커 데이터 엑셀",R,O,,
발송(MP),스티커인쇄,MP3911,선물발송용스티커인쇄,"선물 발송 스티커 데이터 엑셀 (선물명 범위/발송구분: 정상/재발송)",R,O,,
발송(MP),스티커인쇄,MP3916,단행본발송용출력,"단행본 발송 스티커 데이터 엑셀",R,O,,
발송(MP),지로출력,MP3918,지로데이터출력,"DM업체 발송 지로 데이터 엑셀",R,O,,
발송(MP),발송배치,MP3944,구독자라벨출력,"정규발송 일괄배치 예약, 발송작업예약/취소",CRU,O,,배치예약
영업(SD),입금관리,SD3515,입금관리(영업),"거래처 결제 관리, 입금내역 CRUD, Ecount-ERP 코드 자동변환 (다운로드 시 담당자코드→ERP코드/업로드 시 ERP코드→CS코드), 양식다운로드/엑셀업로드",CRUD,O,Ecount-ERP,코드자동변환
영업(SD),재고관리,SD3530,재고수불부관리,"Ecount-ERP 엑셀 업로드 (양식다운로드→데이터입력→업로드→저장)",CRU,O,Ecount-ERP,엑셀Import
관리자(MP),반송관리,MP3901,반송인쇄,"반송 도서 리포트 출력",R,,,리포트
관리자(MP),반송관리,FW3410,반송관리,"반송 도서/선물/지로 CRUD",CRUD,O,,
관리자(MP),반송관리,FW3411,도서재발송관리,"재발송 도서 CRUD",CRUD,O,,
관리자(MP),반송관리,FW3412,지로재발송관리,"지로 재발송 CRUD",CRUD,O,,
관리자(MP),반송관리,FW3143,선물재발송관리,"선물 재발송 CRUD",CRUD,O,,
관리자(MP),발송현황,MP3903,지로발송현황,"지로 발송 현황 조회",R,O,,
관리자(MP),발송현황,MP3904,선물발송현황,"선물 발송 현황 조회",R,O,,
관리자(MP),발송현황,MP3905,신규도서발송현황,"신규 도서 발송 현황 조회",R,O,,
관리자(MP),발송현황,MP3912,월호별구독자현황조회,"월호별 구독자 현황 조회",R,O,,
관리자(MP),발송현황,MP3913,기간별선물발송건수조회,"기간별 선물 발송 건수 조회",R,O,,
관리자(MP),발송현황,MP3915,재발송내역조회,"재발송 내역 조회",R,O,,
관리자(MP),발송현황,MP3945,일일발송작업종류 및 수량,"일일 발송 작업 종류/수량 조회",R,O,,
관리자(MP),매출통계,MP3917,기간별주문상세리스트 출력,"기간별 주문 상세 리스트 조회",R,O,,
관리자(MP),매출통계,MP3920,기간별연장구독건수 조회,"기간별 연장 구독 건수 조회",R,O,,
관리자(MP),매출통계,MP3922,미발행부수 확인,"미발행 부수 확인",R,O,,
관리자(MP),매출통계,MP3923,월호별지역정기구독건수,"월호별 지역 정기구독 건수",R,O,,
관리자(MP),매출통계,MP3942,장기구독자명단,"장기 구독자 명단 조회",R,O,,
관리자(MP),매출통계,MP3925,다인기증자현황,"다인 기증자 현황 조회",R,O,,
관리자(MP),매출통계,MP3926,월호별구독자국내외지역별발송현황,"월호별 구독자 국내외 지역별 발송 현황",R,O,,
관리자(MP),매출통계,MP3927,잡지별일일현황매출건수,"잡지별 일일 현황 매출 건수",R,O,,
관리자(MP),매출통계,MP3928,월별매출및정기구독건수,"월별 매출 및 정기구독 건수",R,O,,
관리자(MP),매출통계,MP3929,담당자별매출 및 접수건수,"담당자별 매출 및 접수 건수",R,O,,
관리자(MP),매출통계,MP3930,일일입금액(누계),"일일 입금액 누계",R,O,,
관리자(MP),매출통계,MP3931,월별입금액(누계),"월별 입금액 누계",R,O,,
관리자(MP),매출통계,MP3932,월별만료자및부수,"월별 만료자 및 부수",R,O,,
관리자(MP),매출통계,MP3933,미납현황(월별연간),"미납 현황 (월별/연간)",R,O,,
관리자(MP),운영관리,MP3934,월별구독만료자아웃바운드자료분배,"구독만료자 아웃바운드 자료 분배",CRU,O,,콜센터용
관리자(MP),운영관리,MP3936,월별접수종합상황표,"월별 접수 종합 상황표",R,O,,
관리자(MP),운영관리,MP3938,매출현황(일별),"일별 매출 현황",R,O,,
관리자(MP),운영관리,MP3939,매출현황(월별),"월별 매출 현황",R,O,,
관리자(MP),운영관리,MP3941,일일실적관리보고서,"일일 실적 관리 보고서",R,O,,
관리자(MP),운영관리,SS3213,도서주문재구독현황,"도서 주문 재구독 현황",R,O,,화면ID는 SS계열
관리자(MP),운영관리,SS3218,작업자별정산,"작업자별 정산",R,O,,화면ID는 SS계열
관리자(MP),운영관리,MP3946,영업실적 및 매출현황,"영업 실적 및 매출 현황",R,O,,
관리자(MP),영업리포트,MP3947,파트별 총입금액,"파트별 총입금액",R,O,,
관리자(MP),영업리포트,MP3948,영업팀별 실적,"영업팀별 실적",R,O,,
관리자(MP),영업리포트,MP3950,좋은생각 영업파트별 판매현황,"좋은생각 영업파트별 판매 현황",R,O,,
관리자(MP),영업리포트,MP3951,큰글씨좋은생각 영업파트별 판매현황,"큰글씨좋은생각 영업파트별 판매 현황",R,O,,
추가프로그램,현금영수증,,현금영수증 발행내역,"현금영수증 조회, 구독순번 수정",RU,O,,
추가프로그램,현금영수증,,현금영수증 미발행내역,"미발행 내역 조회",R,O,,
