NID,제목,URL,콘텐츠 타입,ITEM 분류,공공누리,디스크렙션,시기분류,종간콘텐츠 여부,주제분류,핵심 키워드
1,비교의 관점,/node/1,데이터로 본 서울(콘텐츠),서울과 세계대도시 > 서울과 세계대도시,제 4유형 : 출처표시 + 상업적 이용금지 + 변경금지,,,예,공통기초,
2,비교대상도시 선정,/node/2,데이터로 본 서울(콘텐츠),서울과 세계대도시 > 서울과 세계대도시,제 4유형 : 출처표시 + 상업적 이용금지 + 변경금지,,,예,공통기초,
3,비교대상 공간 설정,/node/3,데이터로 본 서울(콘텐츠),서울과 세계대도시 > 서울과 세계대도시,제 4유형 : 출처표시 + 상업적 이용금지 + 변경금지,,,예,공통기초,
4,비교지표 선정,/node/4,데이터로 본 서울(콘텐츠),서울과 세계대도시 > 서울과 세계대도시,제 4유형 : 출처표시 + 상업적 이용금지 + 변경금지,,,예,공통기초,
5,지표조사 방법,/node/5,데이터로 본 서울(콘텐츠),서울과 세계대도시 > 서울과 세계대도시,제 4유형 : 출처표시 + 상업적 이용금지 + 변경금지,,,예,공통기초,
6,도시별 주요현황,/node/6,데이터로 본 서울(콘텐츠),서울과 세계대도시 > 서울과 세계대도시,제 4유형 : 출처표시 + 상업적 이용금지 + 변경금지,,"1990년대 이전, 2000년대, 2010년대",예,공통기초,
7,서울,/node/7,데이터로 본 서울(콘텐츠),서울과 세계대도시 > 서울과 세계대도시,제 4유형 : 출처표시 + 상업적 이용금지 + 변경금지,,"1990년대 이전, 2000년대, 2010년대",예,공통기초,
8,도쿄,/node/8,데이터로 본 서울(콘텐츠),서울과 세계대도시 > 서울과 세계대도시,제 4유형 : 출처표시 + 상업적 이용금지 + 변경금지,,"1990년대 이전, 2000년대, 2010년대",예,공통기초,
9,베이징,/node/9,데이터로 본 서울(콘텐츠),서울과 세계대도시 > 서울과 세계대도시,제 4유형 : 출처표시 + 상업적 이용금지 + 변경금지,,"1990년대 이전, 2000년대, 2010년대",예,공통기초,
10,싱가포르,/node/10,데이터로 본 서울(콘텐츠),서울과 세계대도시 > 서울과 세계대도시,제 4유형 : 출처표시 + 상업적 이용금지 + 변경금지,,"1990년대 이전, 2000년대, 2010년대",예,공통기초,
11,뉴욕,/node/11,데이터로 본 서울(콘텐츠),서울과 세계대도시 > 서울과 세계대도시,제 4유형 : 출처표시 + 상업적 이용금지 + 변경금지,,"1990년대 이전, 2000년대, 2010년대",예,공통기초,
12,런던,/node/12,데이터로 본 서울(콘텐츠),서울과 세계대도시 > 서울과 세계대도시,제 4유형 : 출처표시 + 상업적 이용금지 + 변경금지,,"1990년대 이전, 2000년대, 2010년대",예,공통기초,
13,파리,/node/13,데이터로 본 서울(콘텐츠),서울과 세계대도시 > 서울과 세계대도시,제 4유형 : 출처표시 + 상업적 이용금지 + 변경금지,,"1990년대 이전, 2000년대, 2010년대",예,공통기초,
14,면적과 인구규모,/node/14,데이터로 본 서울(콘텐츠),서울과 세계대도시 > 서울과 세계대도시,제 4유형 : 출처표시 + 상업적 이용금지 + 변경금지,,"2000년대, 2010년대",예,인구가구,
15,인구성장 추이,/node/15,데이터로 본 서울(콘텐츠),서울과 세계대도시 > 서울과 세계대도시,제 4유형 : 출처표시 + 상업적 이용금지 + 변경금지,,"1990년대 이전, 2000년대, 2010년대, 2020년대",예,인구가구,
16,인구밀도,/node/16,데이터로 본 서울(콘텐츠),서울과 세계대도시 > 서울과 세계대도시,제 4유형 : 출처표시 + 상업적 이용금지 + 변경금지,,2010년대,예,인구가구,
17,구별 인구분포,/node/17,데이터로 본 서울(콘텐츠),서울과 세계대도시 > 서울과 세계대도시,제 4유형 : 출처표시 + 상업적 이용금지 + 변경금지,,2010년대,예,인구가구,
18,구별 인구증감률,/node/18,데이터로 본 서울(콘텐츠),서울과 세계대도시 > 서울과 세계대도시,제 4유형 : 출처표시 + 상업적 이용금지 + 변경금지,,"2000년대, 2010년대",예,인구가구,
19,구별 인구밀도 ,/node/19,데이터로 본 서울(콘텐츠),서울과 세계대도시 > 서울과 세계대도시,제 4유형 : 출처표시 + 상업적 이용금지 + 변경금지,,2010년대,예,인구가구,
20,인구 및 면적집중도,/node/20,데이터로 본 서울(콘텐츠),서울과 세계대도시 > 서울과 세계대도시,제 4유형 : 출처표시 + 상업적 이용금지 + 변경금지,,"2000년대, 2010년대",예,인구가구,
21,인구피라미드,/node/21,데이터로 본 서울(콘텐츠),서울과 세계대도시 > 서울과 세계대도시,제 4유형 : 출처표시 + 상업적 이용금지 + 변경금지,,"2000년대, 2010년대",예,인구가구,
22,연령별 인구구조와 합계출산율,/node/22,데이터로 본 서울(콘텐츠),서울과 세계대도시 > 서울과 세계대도시,제 4유형 : 출처표시 + 상업적 이용금지 + 변경금지,,"2000년대, 2010년대",예,인구가구,
23,노령화지수와 부양비,/node/23,데이터로 본 서울(콘텐츠),서울과 세계대도시 > 서울과 세계대도시,제 4유형 : 출처표시 + 상업적 이용금지 + 변경금지,,"2000년대, 2010년대",예,인구가구,
24,총가구 수,/node/24,데이터로 본 서울(콘텐츠),서울과 세계대도시 > 서울과 세계대도시,제 4유형 : 출처표시 + 상업적 이용금지 + 변경금지,,"2000년대, 2010년대",예,인구가구,
25,평균 가구원 수,/node/25,데이터로 본 서울(콘텐츠),서울과 세계대도시 > 서울과 세계대도시,제 4유형 : 출처표시 + 상업적 이용금지 + 변경금지,,"2000년대, 2010년대",예,인구가구,
26,1인 가구 비율,/node/26,데이터로 본 서울(콘텐츠),서울과 세계대도시 > 서울과 세계대도시,제 4유형 : 출처표시 + 상업적 이용금지 + 변경금지,,"2000년대, 2010년대",예,인구가구,
27,구별 가구증감률,/node/27,데이터로 본 서울(콘텐츠),서울과 세계대도시 > 서울과 세계대도시,제 4유형 : 출처표시 + 상업적 이용금지 + 변경금지,,"2000년대, 2010년대",예,인구가구,
28,구별 1인 가구 비율,/node/28,데이터로 본 서울(콘텐츠),서울과 세계대도시 > 서울과 세계대도시,제 4유형 : 출처표시 + 상업적 이용금지 + 변경금지,,2010년대,예,인구가구,
29,1000명당 주택 수,/node/29,데이터로 본 서울(콘텐츠),서울과 세계대도시 > 서울과 세계대도시,제 4유형 : 출처표시 + 상업적 이용금지 + 변경금지,,2010년대,예,주택,
30,1인당 평균 주거면적,/node/30,데이터로 본 서울(콘텐츠),서울과 세계대도시 > 서울과 세계대도시,제 4유형 : 출처표시 + 상업적 이용금지 + 변경금지,,2010년대,예,주택,
31,공공임대주택 비율,/node/31,데이터로 본 서울(콘텐츠),서울과 세계대도시 > 서울과 세계대도시,제 4유형 : 출처표시 + 상업적 이용금지 + 변경금지,,2010년대,예,주택,
32,연소득 대비 주택가격,/node/32,데이터로 본 서울(콘텐츠),서울과 세계대도시 > 서울과 세계대도시,제 4유형 : 출처표시 + 상업적 이용금지 + 변경금지,,2010년대,예,"주택, 산업경제",
33,고용률,/node/33,데이터로 본 서울(콘텐츠),서울과 세계대도시 > 서울과 세계대도시,제 4유형 : 출처표시 + 상업적 이용금지 + 변경금지,,"2000년대, 2010년대",예,산업경제,
34,성별 취업자 비중,/node/34,데이터로 본 서울(콘텐츠),서울과 세계대도시 > 서울과 세계대도시,제 4유형 : 출처표시 + 상업적 이용금지 + 변경금지,,"2000년대, 2010년대",예,산업경제,
35,연령별 취업자 비중,/node/35,데이터로 본 서울(콘텐츠),서울과 세계대도시 > 서울과 세계대도시,제 4유형 : 출처표시 + 상업적 이용금지 + 변경금지,,"2000년대, 2010년대",예,산업경제,
36,주요 업종별 종사자 비율,/node/36,데이터로 본 서울(콘텐츠),서울과 세계대도시 > 서울과 세계대도시,제 4유형 : 출처표시 + 상업적 이용금지 + 변경금지,,"2000년대, 2010년대",예,산업경제,
37,서비스업종별 종사자 비율 ,/node/37,데이터로 본 서울(콘텐츠),서울과 세계대도시 > 서울과 세계대도시,제 4유형 : 출처표시 + 상업적 이용금지 + 변경금지,,"2000년대, 2010년대",예,산업경제,
38,외국인 관광객 수,/node/38,데이터로 본 서울(콘텐츠),서울과 세계대도시 > 서울과 세계대도시,제 4유형 : 출처표시 + 상업적 이용금지 + 변경금지,,"2000년대, 2010년대",예,문화관광,
39,국제회의 개최건수,/node/39,데이터로 본 서울(콘텐츠),서울과 세계대도시 > 서울과 세계대도시,제 4유형 : 출처표시 + 상업적 이용금지 + 변경금지,,"2000년대, 2010년대",예,문화관광,
40,전문 컨벤션시설 수 및 분포도,/node/40,데이터로 본 서울(콘텐츠),서울과 세계대도시 > 서울과 세계대도시,제 4유형 : 출처표시 + 상업적 이용금지 + 변경금지,,2010년대,예,문화관광,
41,시가화면적,/node/41,데이터로 본 서울(콘텐츠),서울과 세계대도시 > 서울과 세계대도시,제 4유형 : 출처표시 + 상업적 이용금지 + 변경금지,,"2000년대, 2010년대",예,토지이용,
42,시가화지역 인구밀도,/node/42,데이터로 본 서울(콘텐츠),서울과 세계대도시 > 서울과 세계대도시,제 4유형 : 출처표시 + 상업적 이용금지 + 변경금지,,2010년대,예,"토지이용, 인구가구",
43,시가화지역 변천과정,/node/43,데이터로 본 서울(콘텐츠),서울과 세계대도시 > 서울과 세계대도시,제 4유형 : 출처표시 + 상업적 이용금지 + 변경금지,,"1990년대 이전, 2000년대, 2010년대",예,토지이용,
44,시가화지역도,/node/44,데이터로 본 서울(콘텐츠),서울과 세계대도시 > 서울과 세계대도시,제 4유형 : 출처표시 + 상업적 이용금지 + 변경금지,,2010년대,예,토지이용,
45,토지이용,/node/45,데이터로 본 서울(콘텐츠),서울과 세계대도시 > 서울과 세계대도시,제 4유형 : 출처표시 + 상업적 이용금지 + 변경금지,,2010년대,예,토지이용,
46,용도지역,/node/46,데이터로 본 서울(콘텐츠),서울과 세계대도시 > 서울과 세계대도시,제 4유형 : 출처표시 + 상업적 이용금지 + 변경금지,,2010년대,예,"토지이용, 도시계획",
47,초고층건물,/node/47,데이터로 본 서울(콘텐츠),서울과 세계대도시 > 서울과 세계대도시,제 4유형 : 출처표시 + 상업적 이용금지 + 변경금지,,2010년대,예,토지이용,
48,자동차 및 승용차 등록대수,/node/48,데이터로 본 서울(콘텐츠),서울과 세계대도시 > 서울과 세계대도시,제 4유형 : 출처표시 + 상업적 이용금지 + 변경금지,,"2000년대, 2010년대",예,교통,
49,가구당 자동차 보유대수,/node/49,데이터로 본 서울(콘텐츠),서울과 세계대도시 > 서울과 세계대도시,제 4유형 : 출처표시 + 상업적 이용금지 + 변경금지,,"2000년대, 2010년대",예,교통,
50,차량 평균 통행속도 ,/node/50,데이터로 본 서울(콘텐츠),서울과 세계대도시 > 서울과 세계대도시,제 4유형 : 출처표시 + 상업적 이용금지 + 변경금지,,"2000년대, 2010년대",예,교통,
51,교통수단 분담률,/node/51,데이터로 본 서울(콘텐츠),서울과 세계대도시 > 서울과 세계대도시,제 4유형 : 출처표시 + 상업적 이용금지 + 변경금지,,"2000년대, 2010년대",예,교통,
52,도로연장,/node/52,데이터로 본 서울(콘텐츠),서울과 세계대도시 > 서울과 세계대도시,제 4유형 : 출처표시 + 상업적 이용금지 + 변경금지,,2010년대,예,교통,
53,도로망도,/node/53,데이터로 본 서울(콘텐츠),서울과 세계대도시 > 서울과 세계대도시,제 4유형 : 출처표시 + 상업적 이용금지 + 변경금지,,2010년대,예,교통,
54,버스운행실적,/node/54,데이터로 본 서울(콘텐츠),서울과 세계대도시 > 서울과 세계대도시,제 4유형 : 출처표시 + 상업적 이용금지 + 변경금지,,2010년대,예,교통,
55,도시철도 운행실적,/node/55,데이터로 본 서울(콘텐츠),서울과 세계대도시 > 서울과 세계대도시,제 4유형 : 출처표시 + 상업적 이용금지 + 변경금지,,2010년대,예,교통,
56,도시철도망도,/node/56,데이터로 본 서울(콘텐츠),서울과 세계대도시 > 서울과 세계대도시,제 4유형 : 출처표시 + 상업적 이용금지 + 변경금지,,2010년대,예,교통,
57,국가 철도연결망도,/node/57,데이터로 본 서울(콘텐츠),서울과 세계대도시 > 서울과 세계대도시,제 4유형 : 출처표시 + 상업적 이용금지 + 변경금지,,2010년대,예,교통,
58,국제공항 시설 및 운영 현황,/node/58,데이터로 본 서울(콘텐츠),서울과 세계대도시 > 서울과 세계대도시,제 4유형 : 출처표시 + 상업적 이용금지 + 변경금지,,2010년대,예,교통,
59,국제공항 운영실적,/node/59,데이터로 본 서울(콘텐츠),서울과 세계대도시 > 서울과 세계대도시,제 4유형 : 출처표시 + 상업적 이용금지 + 변경금지,,2010년대,예,교통,
60,국제공항-시청 접근성,/node/60,데이터로 본 서울(콘텐츠),서울과 세계대도시 > 서울과 세계대도시,제 4유형 : 출처표시 + 상업적 이용금지 + 변경금지,,2010년대,예,교통,
61,대기오염물질,/node/61,데이터로 본 서울(콘텐츠),서울과 세계대도시 > 서울과 세계대도시,제 4유형 : 출처표시 + 상업적 이용금지 + 변경금지,,"2000년대, 2010년대",예,환경,
62,생활폐기물,/node/62,데이터로 본 서울(콘텐츠),서울과 세계대도시 > 서울과 세계대도시,제 4유형 : 출처표시 + 상업적 이용금지 + 변경금지,,"2010년대, 2000년대",예,자원순환,
63,공원녹지,/node/63,데이터로 본 서울(콘텐츠),서울과 세계대도시 > 서울과 세계대도시,제 4유형 : 출처표시 + 상업적 이용금지 + 변경금지,,2010년대,예,환경,
64,공공도서관,/node/64,데이터로 본 서울(콘텐츠),서울과 세계대도시 > 서울과 세계대도시,제 4유형 : 출처표시 + 상업적 이용금지 + 변경금지,,2010년대,예,문화관광,
65,노인복지시설,/node/65,데이터로 본 서울(콘텐츠),서울과 세계대도시 > 서울과 세계대도시,제 4유형 : 출처표시 + 상업적 이용금지 + 변경금지,,2010년대,예,복지,
66,교육시설,/node/66,데이터로 본 서울(콘텐츠),서울과 세계대도시 > 서울과 세계대도시,제 4유형 : 출처표시 + 상업적 이용금지 + 변경금지,,2010년대,예,교육,
67,지형,/node/67,데이터로 본 서울(콘텐츠),지도로 본 서울 > 지도로 본 서울 2013,제 4유형 : 출처표시 + 상업적 이용금지 + 변경금지,,2010년대,예,지형,
68,기후,/node/68,데이터로 본 서울(콘텐츠),지도로 본 서울 > 지도로 본 서울 2013,제 4유형 : 출처표시 + 상업적 이용금지 + 변경금지,,"2010년대, 2000년대, 1990년대 이전",예,환경,
69,바람,/node/69,데이터로 본 서울(콘텐츠),지도로 본 서울 > 지도로 본 서울 2013,제 4유형 : 출처표시 + 상업적 이용금지 + 변경금지,,2010년대,예,환경,
70,역사,/node/70,데이터로 본 서울(콘텐츠),지도로 본 서울 > 지도로 본 서울 2013,제 4유형 : 출처표시 + 상업적 이용금지 + 변경금지,,,예,공통기초,
71,시가지 확산,/node/71,데이터로 본 서울(콘텐츠),지도로 본 서울 > 지도로 본 서울 2013,제 4유형 : 출처표시 + 상업적 이용금지 + 변경금지,,"2010년대, 2000년대, 1990년대 이전",예,공통기초,
73,행정구역,/node/73,데이터로 본 서울(콘텐츠),지도로 본 서울 > 지도로 본 서울 2013,제 4유형 : 출처표시 + 상업적 이용금지 + 변경금지,,2010년대,예,공통기초,
74,인구개괄,/node/74,데이터로 본 서울(콘텐츠),지도로 본 서울 > 지도로 본 서울 2013,제 4유형 : 출처표시 + 상업적 이용금지 + 변경금지,,"2010년대, 2000년대, 1990년대 이전",예,인구가구,
75,인구변화,/node/75,데이터로 본 서울(콘텐츠),지도로 본 서울 > 지도로 본 서울 2013,제 4유형 : 출처표시 + 상업적 이용금지 + 변경금지,,"2010년대, 2000년대, 1990년대 이전",예,인구가구,
76,인구밀도,/node/76,데이터로 본 서울(콘텐츠),지도로 본 서울 > 지도로 본 서울 2013,제 4유형 : 출처표시 + 상업적 이용금지 + 변경금지,,"2010년대, 2000년대, 1990년대 이전",예,인구가구,
77,인구이동,/node/77,데이터로 본 서울(콘텐츠),지도로 본 서울 > 지도로 본 서울 2013,제 4유형 : 출처표시 + 상업적 이용금지 + 변경금지,,"2010년대, 2000년대, 1990년대 이전",예,인구가구,
78,인구구조,/node/78,데이터로 본 서울(콘텐츠),지도로 본 서울 > 지도로 본 서울 2013,제 4유형 : 출처표시 + 상업적 이용금지 + 변경금지,,"1990년대 이전, 2000년대, 2010년대",예,인구가구,
79,중위연령,/node/79,데이터로 본 서울(콘텐츠),지도로 본 서울 > 지도로 본 서울 2013,제 4유형 : 출처표시 + 상업적 이용금지 + 변경금지,,"2010년대, 2000년대, 1990년대 이전",예,인구가구,
80,부양비,/node/80,데이터로 본 서울(콘텐츠),지도로 본 서울 > 지도로 본 서울 2013,제 4유형 : 출처표시 + 상업적 이용금지 + 변경금지,,"2010년대, 2000년대, 1990년대 이전",예,인구가구,
81,외국인,/node/81,데이터로 본 서울(콘텐츠),지도로 본 서울 > 지도로 본 서울 2013,제 4유형 : 출처표시 + 상업적 이용금지 + 변경금지,,"2010년대, 2000년대, 1990년대 이전",예,인구가구,
82,유치원,/node/82,데이터로 본 서울(콘텐츠),지도로 본 서울 > 지도로 본 서울 2013,제 4유형 : 출처표시 + 상업적 이용금지 + 변경금지,,"1990년대 이전, 2000년대, 2010년대",예,교육,
83,초등학교,/node/83,데이터로 본 서울(콘텐츠),지도로 본 서울 > 지도로 본 서울 2013,제 4유형 : 출처표시 + 상업적 이용금지 + 변경금지,,"1990년대 이전, 2000년대, 2010년대",예,교육,
84,중학교,/node/84,데이터로 본 서울(콘텐츠),지도로 본 서울 > 지도로 본 서울 2013,제 4유형 : 출처표시 + 상업적 이용금지 + 변경금지,,"1990년대 이전, 2000년대, 2010년대",예,교육,
85,고등학교,/node/85,데이터로 본 서울(콘텐츠),지도로 본 서울 > 지도로 본 서울 2013,제 4유형 : 출처표시 + 상업적 이용금지 + 변경금지,,"1990년대 이전, 2000년대, 2010년대",예,교육,
86,대학교,/node/86,데이터로 본 서울(콘텐츠),지도로 본 서울 > 지도로 본 서울 2013,제 4유형 : 출처표시 + 상업적 이용금지 + 변경금지,,"1990년대 이전, 2000년대, 2010년대",예,교육,
87,정보화 실태,/node/87,데이터로 본 서울(콘텐츠),지도로 본 서울 > 지도로 본 서울 2013,제 4유형 : 출처표시 + 상업적 이용금지 + 변경금지,,2010년대,예,교육,
88,문화재,/node/88,데이터로 본 서울(콘텐츠),지도로 본 서울 > 지도로 본 서울 2013,제 4유형 : 출처표시 + 상업적 이용금지 + 변경금지,,"2010년대, 2000년대, 1990년대 이전",예,문화관광,
89,문화시설,/node/89,데이터로 본 서울(콘텐츠),지도로 본 서울 > 지도로 본 서울 2013,제 4유형 : 출처표시 + 상업적 이용금지 + 변경금지,,"2010년대, 2000년대, 1990년대 이전",예,문화관광,
90,공공도서관,/node/90,데이터로 본 서울(콘텐츠),지도로 본 서울 > 지도로 본 서울 2013,제 4유형 : 출처표시 + 상업적 이용금지 + 변경금지,,"2010년대, 2000년대, 1990년대 이전",예,문화관광,
91,축제,/node/91,데이터로 본 서울(콘텐츠),지도로 본 서울 > 지도로 본 서울 2013,제 4유형 : 출처표시 + 상업적 이용금지 + 변경금지,,2010년대,예,문화관광,
92,사회복지시설,/node/92,데이터로 본 서울(콘텐츠),지도로 본 서울 > 지도로 본 서울 2013,제 4유형 : 출처표시 + 상업적 이용금지 + 변경금지,,2010년대,예,복지,
93,의료기관,/node/93,데이터로 본 서울(콘텐츠),지도로 본 서울 > 지도로 본 서울 2013,제 4유형 : 출처표시 + 상업적 이용금지 + 변경금지,,"2010년대, 2000년대, 1990년대 이전",예,"복지, 보건",
94,국민기초생활보장 수급자,/node/94,데이터로 본 서울(콘텐츠),지도로 본 서울 > 지도로 본 서울 2013,제 4유형 : 출처표시 + 상업적 이용금지 + 변경금지,,"2010년대, 2000년대, 1990년대 이전",예,복지,
95,총사업체 수,/node/95,데이터로 본 서울(콘텐츠),지도로 본 서울 > 지도로 본 서울 2013,제 4유형 : 출처표시 + 상업적 이용금지 + 변경금지,,"2010년대, 2000년대, 1990년대 이전",예,산업경제,
96,종사자 수,/node/96,데이터로 본 서울(콘텐츠),지도로 본 서울 > 지도로 본 서울 2013,제 4유형 : 출처표시 + 상업적 이용금지 + 변경금지,,"2010년대, 2000년대, 1990년대 이전",예,산업경제,
97,경제활동인구,/node/97,데이터로 본 서울(콘텐츠),지도로 본 서울 > 지도로 본 서울 2013,제 4유형 : 출처표시 + 상업적 이용금지 + 변경금지,,"2010년대, 2000년대, 1990년대 이전",예,산업경제,
98,제조업,/node/98,데이터로 본 서울(콘텐츠),지도로 본 서울 > 지도로 본 서울 2013,제 4유형 : 출처표시 + 상업적 이용금지 + 변경금지,,"2010년대, 2000년대, 1990년대 이전",예,산업경제,
99,3차 산업,/node/99,데이터로 본 서울(콘텐츠),지도로 본 서울 > 지도로 본 서울 2013,제 4유형 : 출처표시 + 상업적 이용금지 + 변경금지,,"2010년대, 2000년대, 1990년대 이전",예,산업경제,
100,창의산업,/node/100,데이터로 본 서울(콘텐츠),지도로 본 서울 > 지도로 본 서울 2013,제 4유형 : 출처표시 + 상업적 이용금지 + 변경금지,,2010년대,예,산업경제,
101,IT 산업,/node/101,데이터로 본 서울(콘텐츠),지도로 본 서울 > 지도로 본 서울 2013,제 4유형 : 출처표시 + 상업적 이용금지 + 변경금지,,"2010년대, 2000년대, 1990년대 이전",예,산업경제,
102,재정,/node/102,데이터로 본 서울(콘텐츠),지도로 본 서울 > 지도로 본 서울 2013,제 4유형 : 출처표시 + 상업적 이용금지 + 변경금지,,"2010년대, 2000년대, 1990년대 이전",예,산업경제,
103,가구,/node/103,데이터로 본 서울(콘텐츠),지도로 본 서울 > 지도로 본 서울 2013,제 4유형 : 출처표시 + 상업적 이용금지 + 변경금지,,"2010년대, 2000년대, 1990년대 이전",예,인구가구,
104,주택 수,/node/104,데이터로 본 서울(콘텐츠),지도로 본 서울 > 지도로 본 서울 2013,제 4유형 : 출처표시 + 상업적 이용금지 + 변경금지,,"2010년대, 2000년대, 1990년대 이전",예,주택,
105,주택 보급률,/node/105,데이터로 본 서울(콘텐츠),지도로 본 서울 > 지도로 본 서울 2013,제 4유형 : 출처표시 + 상업적 이용금지 + 변경금지,,"2010년대, 2000년대, 1990년대 이전",예,주택,
106,주택유형,/node/106,데이터로 본 서울(콘텐츠),지도로 본 서울 > 지도로 본 서울 2013,제 4유형 : 출처표시 + 상업적 이용금지 + 변경금지,,"2010년대, 2000년대, 1990년대 이전",예,주택,
107,주택점유형태,/node/107,데이터로 본 서울(콘텐츠),지도로 본 서울 > 지도로 본 서울 2013,제 4유형 : 출처표시 + 상업적 이용금지 + 변경금지,,"2010년대, 2000년대, 1990년대 이전",예,주택,
108,토지이용현황,/node/108,데이터로 본 서울(콘텐츠),지도로 본 서울 > 지도로 본 서울 2013,제 4유형 : 출처표시 + 상업적 이용금지 + 변경금지,,2010년대,예,토지이용,
109,도시계획,/node/109,데이터로 본 서울(콘텐츠),지도로 본 서울 > 지도로 본 서울 2013,제 4유형 : 출처표시 + 상업적 이용금지 + 변경금지,,2010년대,예,"토지이용, 도시계획",
110,도시개발 및 도시주거환경정비,/node/110,데이터로 본 서울(콘텐츠),지도로 본 서울 > 지도로 본 서울 2013,제 4유형 : 출처표시 + 상업적 이용금지 + 변경금지,,2010년대,예,"토지이용, 도시계획",
111,지가,/node/111,데이터로 본 서울(콘텐츠),지도로 본 서울 > 지도로 본 서울 2013,제 4유형 : 출처표시 + 상업적 이용금지 + 변경금지,,2010년대,예,토지이용,
112,대기질,/node/112,데이터로 본 서울(콘텐츠),지도로 본 서울 > 지도로 본 서울 2013,제 4유형 : 출처표시 + 상업적 이용금지 + 변경금지,,"2010년대, 2000년대, 1990년대 이전",예,환경,
113,상수도,/node/113,데이터로 본 서울(콘텐츠),지도로 본 서울 > 지도로 본 서울 2013,제 4유형 : 출처표시 + 상업적 이용금지 + 변경금지,,"2010년대, 2000년대, 1990년대 이전",예,환경,
114,하수도,/node/114,데이터로 본 서울(콘텐츠),지도로 본 서울 > 지도로 본 서울 2013,제 4유형 : 출처표시 + 상업적 이용금지 + 변경금지,,"2010년대, 2000년대, 1990년대 이전",예,환경,
115,생활폐기물,/node/115,데이터로 본 서울(콘텐츠),지도로 본 서울 > 지도로 본 서울 2013,제 4유형 : 출처표시 + 상업적 이용금지 + 변경금지,,"2010년대, 2000년대, 1990년대 이전",예,자원순환,
116,식생,/node/116,데이터로 본 서울(콘텐츠),지도로 본 서울 > 지도로 본 서울 2013,제 4유형 : 출처표시 + 상업적 이용금지 + 변경금지,,2010년대,예,환경,
117,비오톱 유형 및 평가,/node/117,데이터로 본 서울(콘텐츠),지도로 본 서울 > 지도로 본 서울 2013,제 4유형 : 출처표시 + 상업적 이용금지 + 변경금지,,2010년대,예,환경,
118,공원,/node/118,데이터로 본 서울(콘텐츠),지도로 본 서울 > 지도로 본 서울 2013,제 4유형 : 출처표시 + 상업적 이용금지 + 변경금지,,"2010년대, 2000년대, 1990년대 이전",예,환경,
119,도로시설,/node/119,데이터로 본 서울(콘텐츠),지도로 본 서울 > 지도로 본 서울 2013,제 4유형 : 출처표시 + 상업적 이용금지 + 변경금지,,"2010년대, 2000년대, 1990년대 이전",예,교통,
120,통행속도 및 교통량,/node/120,데이터로 본 서울(콘텐츠),지도로 본 서울 > 지도로 본 서울 2013,제 4유형 : 출처표시 + 상업적 이용금지 + 변경금지,,"2010년대, 2000년대, 1990년대 이전",예,교통,
121,교통수단,/node/121,데이터로 본 서울(콘텐츠),지도로 본 서울 > 지도로 본 서울 2013,제 4유형 : 출처표시 + 상업적 이용금지 + 변경금지,,"2010년대, 2000년대, 1990년대 이전",예,교통,
122,승용차 보유,/node/122,데이터로 본 서울(콘텐츠),지도로 본 서울 > 지도로 본 서울 2013,제 4유형 : 출처표시 + 상업적 이용금지 + 변경금지,,"2010년대, 2000년대, 1990년대 이전",예,교통,
123,통행,/node/123,데이터로 본 서울(콘텐츠),지도로 본 서울 > 지도로 본 서울 2013,제 4유형 : 출처표시 + 상업적 이용금지 + 변경금지,,2010년대,예,교통,
124,지형,/node/124,데이터로 본 서울(콘텐츠),지도로 본 서울 > 지도로 본 서울 2013,제 4유형 : 출처표시 + 상업적 이용금지 + 변경금지,,2010년대,예,지형,
125,행정구역,/node/125,데이터로 본 서울(콘텐츠),지도로 본 서울 > 지도로 본 서울 2013,제 4유형 : 출처표시 + 상업적 이용금지 + 변경금지,,2010년대,예,공통기초,
126,수도권 인구,/node/126,데이터로 본 서울(콘텐츠),지도로 본 서울 > 지도로 본 서울 2013,제 4유형 : 출처표시 + 상업적 이용금지 + 변경금지,,"1990년대 이전, 2000년대, 2010년대",예,인구가구,
127,수도권 인구밀도,/node/127,데이터로 본 서울(콘텐츠),지도로 본 서울 > 지도로 본 서울 2013,제 4유형 : 출처표시 + 상업적 이용금지 + 변경금지,,"1990년대 이전, 2000년대, 2010년대",예,인구가구,
128,산업,/node/128,데이터로 본 서울(콘텐츠),지도로 본 서울 > 지도로 본 서울 2013,제 4유형 : 출처표시 + 상업적 이용금지 + 변경금지,,"1990년대 이전, 2000년대, 2010년대",예,산업경제,
129,제조업,/node/129,데이터로 본 서울(콘텐츠),지도로 본 서울 > 지도로 본 서울 2013,제 4유형 : 출처표시 + 상업적 이용금지 + 변경금지,,"1990년대 이전, 2000년대, 2010년대",예,산업경제,
130,3차 산업,/node/130,데이터로 본 서울(콘텐츠),지도로 본 서울 > 지도로 본 서울 2013,제 4유형 : 출처표시 + 상업적 이용금지 + 변경금지,,"2010년대, 2000년대, 1990년대 이전",예,주택,
131,주택,/node/131,데이터로 본 서울(콘텐츠),지도로 본 서울 > 지도로 본 서울 2013,제 4유형 : 출처표시 + 상업적 이용금지 + 변경금지,,2010년대,예,토지이용,
132,토지이용,/node/132,데이터로 본 서울(콘텐츠),지도로 본 서울 > 지도로 본 서울 2013,제 4유형 : 출처표시 + 상업적 이용금지 + 변경금지,,2000년대,예,교통,
133,광역교통망,/node/133,데이터로 본 서울(콘텐츠),지도로 본 서울 > 지도로 본 서울 2013,제 4유형 : 출처표시 + 상업적 이용금지 + 변경금지,,2010년대,예,교통,
134,통근,/node/134,데이터로 본 서울(콘텐츠),지도로 본 서울 > 지도로 본 서울 2013,제 4유형 : 출처표시 + 상업적 이용금지 + 변경금지,,2010년대,예,교통,
135,지형,/node/135,데이터로 본 서울(콘텐츠),지도로 본 서울 > 지도로 본 서울 2007,제 4유형 : 출처표시 + 상업적 이용금지 + 변경금지,,2000년대,예,지형,
136,기온 및 강수량,/node/136,데이터로 본 서울(콘텐츠),지도로 본 서울 > 지도로 본 서울 2007,제 4유형 : 출처표시 + 상업적 이용금지 + 변경금지,,"2000년대, 1990년대 이전",예,환경,
137,바람,/node/137,데이터로 본 서울(콘텐츠),지도로 본 서울 > 지도로 본 서울 2007,제 4유형 : 출처표시 + 상업적 이용금지 + 변경금지,,2000년대,예,환경,
138,서울의 역사,/node/138,데이터로 본 서울(콘텐츠),지도로 본 서울 > 지도로 본 서울 2007,제 4유형 : 출처표시 + 상업적 이용금지 + 변경금지,,,예,공통기초,
139,시가지 확산,/node/139,데이터로 본 서울(콘텐츠),지도로 본 서울 > 지도로 본 서울 2007,제 4유형 : 출처표시 + 상업적 이용금지 + 변경금지,,"2000년대, 1990년대 이전",예,공통기초,
141,현행 행정구역,/node/141,데이터로 본 서울(콘텐츠),지도로 본 서울 > 지도로 본 서울 2007,제 4유형 : 출처표시 + 상업적 이용금지 + 변경금지,,2000년대,예,공통기초,
142,인구변화,/node/142,데이터로 본 서울(콘텐츠),지도로 본 서울 > 지도로 본 서울 2007,제 4유형 : 출처표시 + 상업적 이용금지 + 변경금지,,"2000년대, 1990년대 이전",예,인구가구,
143,인구밀도,/node/143,데이터로 본 서울(콘텐츠),지도로 본 서울 > 지도로 본 서울 2007,제 4유형 : 출처표시 + 상업적 이용금지 + 변경금지,,"2000년대, 1990년대 이전",예,인구가구,
144,인구이동,/node/144,데이터로 본 서울(콘텐츠),지도로 본 서울 > 지도로 본 서울 2007,제 4유형 : 출처표시 + 상업적 이용금지 + 변경금지,,"2000년대, 1990년대 이전",예,인구가구,
145,중위연령,/node/145,데이터로 본 서울(콘텐츠),지도로 본 서울 > 지도로 본 서울 2007,제 4유형 : 출처표시 + 상업적 이용금지 + 변경금지,,"2000년대, 1990년대 이전",예,인구가구,
146,총부양비,/node/146,데이터로 본 서울(콘텐츠),지도로 본 서울 > 지도로 본 서울 2007,제 4유형 : 출처표시 + 상업적 이용금지 + 변경금지,,"2000년대, 1990년대 이전",예,인구가구,
147,노인인구비율,/node/147,데이터로 본 서울(콘텐츠),지도로 본 서울 > 지도로 본 서울 2007,제 4유형 : 출처표시 + 상업적 이용금지 + 변경금지,,"2000년대, 1990년대 이전",예,인구가구,
148,초등학교,/node/148,데이터로 본 서울(콘텐츠),지도로 본 서울 > 지도로 본 서울 2007,제 4유형 : 출처표시 + 상업적 이용금지 + 변경금지,,"2000년대, 1990년대 이전",예,교육,
149,중·고등학교,/node/149,데이터로 본 서울(콘텐츠),지도로 본 서울 > 지도로 본 서울 2007,제 4유형 : 출처표시 + 상업적 이용금지 + 변경금지,,"2000년대, 1990년대 이전",예,교육,
150,대학교 및 연구기관,/node/150,데이터로 본 서울(콘텐츠),지도로 본 서울 > 지도로 본 서울 2007,제 4유형 : 출처표시 + 상업적 이용금지 + 변경금지,,2000년대,예,교육,
151,정보화실태,/node/151,데이터로 본 서울(콘텐츠),지도로 본 서울 > 지도로 본 서울 2007,제 4유형 : 출처표시 + 상업적 이용금지 + 변경금지,,2000년대,예,교육,
152,문화재,/node/152,데이터로 본 서울(콘텐츠),지도로 본 서울 > 지도로 본 서울 2007,제 4유형 : 출처표시 + 상업적 이용금지 + 변경금지,,2000년대,예,문화관광,
153,문화시설,/node/153,데이터로 본 서울(콘텐츠),지도로 본 서울 > 지도로 본 서울 2007,제 4유형 : 출처표시 + 상업적 이용금지 + 변경금지,,2000년대,예,문화관광,
154,문화지역,/node/154,데이터로 본 서울(콘텐츠),지도로 본 서울 > 지도로 본 서울 2007,제 4유형 : 출처표시 + 상업적 이용금지 + 변경금지,,2000년대,예,문화관광,
155,서울의 축제,/node/155,데이터로 본 서울(콘텐츠),지도로 본 서울 > 지도로 본 서울 2007,제 4유형 : 출처표시 + 상업적 이용금지 + 변경금지,,2000년대,예,문화관광,
156,"디자인, 서울",/node/156,데이터로 본 서울(콘텐츠),지도로 본 서울 > 지도로 본 서울 2007,제 4유형 : 출처표시 + 상업적 이용금지 + 변경금지,,2000년대,예,문화관광,
157,사회복지시설,/node/157,데이터로 본 서울(콘텐츠),지도로 본 서울 > 지도로 본 서울 2007,제 4유형 : 출처표시 + 상업적 이용금지 + 변경금지,,2000년대,예,복지,
158,의료기관,/node/158,데이터로 본 서울(콘텐츠),지도로 본 서울 > 지도로 본 서울 2007,제 4유형 : 출처표시 + 상업적 이용금지 + 변경금지,,"2000년대, 1990년대 이전",예,"복지, 보건",
159,국민기초생활보장수급자,/node/159,데이터로 본 서울(콘텐츠),지도로 본 서울 > 지도로 본 서울 2007,제 4유형 : 출처표시 + 상업적 이용금지 + 변경금지,,"2000년대, 1990년대 이전",예,복지,
160,총사업체수,/node/160,데이터로 본 서울(콘텐츠),지도로 본 서울 > 지도로 본 서울 2007,제 4유형 : 출처표시 + 상업적 이용금지 + 변경금지,,"2000년대, 1990년대 이전",예,산업경제,
161,사업체종사자수,/node/161,데이터로 본 서울(콘텐츠),지도로 본 서울 > 지도로 본 서울 2007,제 4유형 : 출처표시 + 상업적 이용금지 + 변경금지,,"2000년대, 1990년대 이전",예,산업경제,
162,제조업체,/node/162,데이터로 본 서울(콘텐츠),지도로 본 서울 > 지도로 본 서울 2007,제 4유형 : 출처표시 + 상업적 이용금지 + 변경금지,,"2000년대, 1990년대 이전",예,산업경제,
163,3차산업,/node/163,데이터로 본 서울(콘텐츠),지도로 본 서울 > 지도로 본 서울 2007,제 4유형 : 출처표시 + 상업적 이용금지 + 변경금지,,"2000년대, 1990년대 이전",예,산업경제,
164,도소매업/음식 및 숙박업/생산사서비스업/소비자서비스업,/node/164,데이터로 본 서울(콘텐츠),지도로 본 서울 > 지도로 본 서울 2007,제 4유형 : 출처표시 + 상업적 이용금지 + 변경금지,,2000년대,예,산업경제,
165,창의 및 문화산업,/node/165,데이터로 본 서울(콘텐츠),지도로 본 서울 > 지도로 본 서울 2007,제 4유형 : 출처표시 + 상업적 이용금지 + 변경금지,,"2000년대, 1990년대 이전",예,산업경제,
166,IT산업,/node/166,데이터로 본 서울(콘텐츠),지도로 본 서울 > 지도로 본 서울 2007,제 4유형 : 출처표시 + 상업적 이용금지 + 변경금지,,"2000년대, 1990년대 이전",예,산업경제,
167,재정,/node/167,데이터로 본 서울(콘텐츠),지도로 본 서울 > 지도로 본 서울 2007,제 4유형 : 출처표시 + 상업적 이용금지 + 변경금지,,"2000년대, 1990년대 이전",예,산업경제,
168,주택유형,/node/168,데이터로 본 서울(콘텐츠),지도로 본 서울 > 지도로 본 서울 2007,제 4유형 : 출처표시 + 상업적 이용금지 + 변경금지,,"2000년대, 1990년대 이전",예,주택,
169,주택점유형태,/node/169,데이터로 본 서울(콘텐츠),지도로 본 서울 > 지도로 본 서울 2007,제 4유형 : 출처표시 + 상업적 이용금지 + 변경금지,,"2000년대, 1990년대 이전",예,주택,
170,주택보급률,/node/170,데이터로 본 서울(콘텐츠),지도로 본 서울 > 지도로 본 서울 2007,제 4유형 : 출처표시 + 상업적 이용금지 + 변경금지,,"2000년대, 1990년대 이전",예,주택,
171,토지이용현황,/node/171,데이터로 본 서울(콘텐츠),지도로 본 서울 > 지도로 본 서울 2007,제 4유형 : 출처표시 + 상업적 이용금지 + 변경금지,,2000년대,예,토지이용,
172,도시계획,/node/172,데이터로 본 서울(콘텐츠),지도로 본 서울 > 지도로 본 서울 2007,제 4유형 : 출처표시 + 상업적 이용금지 + 변경금지,,2000년대,예,"토지이용, 도시계획",
173,도시개발 및 도시주거환경정비,/node/173,데이터로 본 서울(콘텐츠),지도로 본 서울 > 지도로 본 서울 2007,제 4유형 : 출처표시 + 상업적 이용금지 + 변경금지,,2000년대,예,"토지이용, 도시계획",
174,지가,/node/174,데이터로 본 서울(콘텐츠),지도로 본 서울 > 지도로 본 서울 2007,제 4유형 : 출처표시 + 상업적 이용금지 + 변경금지,,2000년대,예,토지이용,
175,대기,/node/175,데이터로 본 서울(콘텐츠),지도로 본 서울 > 지도로 본 서울 2007,제 4유형 : 출처표시 + 상업적 이용금지 + 변경금지,,"2000년대, 1990년대 이전",예,환경,
176,상수도,/node/176,데이터로 본 서울(콘텐츠),지도로 본 서울 > 지도로 본 서울 2007,제 4유형 : 출처표시 + 상업적 이용금지 + 변경금지,,"2000년대, 1990년대 이전",예,환경,
177,하수도,/node/177,데이터로 본 서울(콘텐츠),지도로 본 서울 > 지도로 본 서울 2007,제 4유형 : 출처표시 + 상업적 이용금지 + 변경금지,,2000년대,예,환경,
178,폐수배출업소,/node/178,데이터로 본 서울(콘텐츠),지도로 본 서울 > 지도로 본 서울 2007,제 4유형 : 출처표시 + 상업적 이용금지 + 변경금지,,"2000년대, 1990년대 이전",예,환경,
179,생활폐기물,/node/179,데이터로 본 서울(콘텐츠),지도로 본 서울 > 지도로 본 서울 2007,제 4유형 : 출처표시 + 상업적 이용금지 + 변경금지,,"2000년대, 1990년대 이전",예,자원순환,
180,식생,/node/180,데이터로 본 서울(콘텐츠),지도로 본 서울 > 지도로 본 서울 2007,제 4유형 : 출처표시 + 상업적 이용금지 + 변경금지,,2000년대,예,환경,
181,비오톱 유형 및 평가,/node/181,데이터로 본 서울(콘텐츠),지도로 본 서울 > 지도로 본 서울 2007,제 4유형 : 출처표시 + 상업적 이용금지 + 변경금지,,2000년대,예,환경,
182,공원,/node/182,데이터로 본 서울(콘텐츠),지도로 본 서울 > 지도로 본 서울 2007,제 4유형 : 출처표시 + 상업적 이용금지 + 변경금지,,"1990년대 이전, 2000년대",예,환경,
183,도로시설,/node/183,데이터로 본 서울(콘텐츠),지도로 본 서울 > 지도로 본 서울 2007,제 4유형 : 출처표시 + 상업적 이용금지 + 변경금지,,"2000년대, 1990년대 이전",예,교통,
184,속도 및 교통량,/node/184,데이터로 본 서울(콘텐츠),지도로 본 서울 > 지도로 본 서울 2007,제 4유형 : 출처표시 + 상업적 이용금지 + 변경금지,,2000년대,예,교통,
185,교통수단,/node/185,데이터로 본 서울(콘텐츠),지도로 본 서울 > 지도로 본 서울 2007,제 4유형 : 출처표시 + 상업적 이용금지 + 변경금지,,"2000년대, 1990년대 이전",예,교통,
186,통행,/node/186,데이터로 본 서울(콘텐츠),지도로 본 서울 > 지도로 본 서울 2007,제 4유형 : 출처표시 + 상업적 이용금지 + 변경금지,,2000년대,예,교통,
187,승용차보유,/node/187,데이터로 본 서울(콘텐츠),지도로 본 서울 > 지도로 본 서울 2007,제 4유형 : 출처표시 + 상업적 이용금지 + 변경금지,,"2000년대, 1990년대 이전",예,교통,
188,도심재창조 종합계획,/node/188,데이터로 본 서울(콘텐츠),지도로 본 서울 > 지도로 본 서울 2007,제 4유형 : 출처표시 + 상업적 이용금지 + 변경금지,,2000년대,예,도시계획,
189,한강르네상스마스터플랜,/node/189,데이터로 본 서울(콘텐츠),지도로 본 서울 > 지도로 본 서울 2007,제 4유형 : 출처표시 + 상업적 이용금지 + 변경금지,,2000년대,예,도시계획,
190,청계천복원사업,/node/190,데이터로 본 서울(콘텐츠),지도로 본 서울 > 지도로 본 서울 2007,제 4유형 : 출처표시 + 상업적 이용금지 + 변경금지,,2000년대,예,도시계획,
191,동대문 디자인플라자파크(가칭)건립,/node/191,데이터로 본 서울(콘텐츠),지도로 본 서울 > 지도로 본 서울 2007,제 4유형 : 출처표시 + 상업적 이용금지 + 변경금지,,2000년대,예,도시계획,
192,광화문 광장 조성,/node/192,데이터로 본 서울(콘텐츠),지도로 본 서울 > 지도로 본 서울 2007,제 4유형 : 출처표시 + 상업적 이용금지 + 변경금지,,2000년대,예,도시계획,
193,서울시내 글로벌 존 조성,/node/193,데이터로 본 서울(콘텐츠),지도로 본 서울 > 지도로 본 서울 2007,제 4유형 : 출처표시 + 상업적 이용금지 + 변경금지,,2000년대,예,도시계획,
194,용산 개발 추진,/node/194,데이터로 본 서울(콘텐츠),지도로 본 서울 > 지도로 본 서울 2007,제 4유형 : 출처표시 + 상업적 이용금지 + 변경금지,,2000년대,예,도시계획,
195,한강 반포지구에 인공섬 조성,/node/195,데이터로 본 서울(콘텐츠),지도로 본 서울 > 지도로 본 서울 2007,제 4유형 : 출처표시 + 상업적 이용금지 + 변경금지,,2000년대,예,도시계획,
196,지형,/node/196,데이터로 본 서울(콘텐츠),지도로 본 서울 > 지도로 본 서울 2007,제 4유형 : 출처표시 + 상업적 이용금지 + 변경금지,,"2000년대, 1990년대 이전",예,지형,
197,역사,/node/197,데이터로 본 서울(콘텐츠),지도로 본 서울 > 지도로 본 서울 2007,제 4유형 : 출처표시 + 상업적 이용금지 + 변경금지,,"2000년대, 1990년대 이전",예,공통기초,
198,인구,/node/198,데이터로 본 서울(콘텐츠),지도로 본 서울 > 지도로 본 서울 2007,제 4유형 : 출처표시 + 상업적 이용금지 + 변경금지,,"2000년대, 1990년대 이전",예,인구가구,
199,인구밀도,/node/199,데이터로 본 서울(콘텐츠),지도로 본 서울 > 지도로 본 서울 2007,제 4유형 : 출처표시 + 상업적 이용금지 + 변경금지,,"2000년대, 1990년대 이전",예,인구가구,
200,사업체종사자수,/node/200,데이터로 본 서울(콘텐츠),지도로 본 서울 > 지도로 본 서울 2007,제 4유형 : 출처표시 + 상업적 이용금지 + 변경금지,,"2000년대, 1990년대 이전",예,산업경제,
201,제조업 및 서비스업,/node/201,데이터로 본 서울(콘텐츠),지도로 본 서울 > 지도로 본 서울 2007,제 4유형 : 출처표시 + 상업적 이용금지 + 변경금지,,"2000년대, 1990년대 이전",예,산업경제,
202,주택유형,/node/202,데이터로 본 서울(콘텐츠),지도로 본 서울 > 지도로 본 서울 2007,제 4유형 : 출처표시 + 상업적 이용금지 + 변경금지,,"2000년대, 1990년대 이전",예,주택,
203,토지이용현황,/node/203,데이터로 본 서울(콘텐츠),지도로 본 서울 > 지도로 본 서울 2007,제 4유형 : 출처표시 + 상업적 이용금지 + 변경금지,,"2000년대, 1990년대 이전",예,토지이용,
204,광역교통망,/node/204,데이터로 본 서울(콘텐츠),지도로 본 서울 > 지도로 본 서울 2007,제 4유형 : 출처표시 + 상업적 이용금지 + 변경금지,,2000년대,예,교통,
205,통근,/node/205,데이터로 본 서울(콘텐츠),지도로 본 서울 > 지도로 본 서울 2007,제 4유형 : 출처표시 + 상업적 이용금지 + 변경금지,,"2000년대, 1990년대 이전",예,교통,
206,지형,/node/206,데이터로 본 서울(콘텐츠),지도로 본 서울 > 지도로 본 서울 2000,제 4유형 : 출처표시 + 상업적 이용금지 + 변경금지,,2000년대,예,지형,
207,기온 및 강수량,/node/207,데이터로 본 서울(콘텐츠),지도로 본 서울 > 지도로 본 서울 2000,제 4유형 : 출처표시 + 상업적 이용금지 + 변경금지,,"1990년대 이전, 2000년대",예,환경,
208,바람,/node/208,데이터로 본 서울(콘텐츠),지도로 본 서울 > 지도로 본 서울 2000,제 4유형 : 출처표시 + 상업적 이용금지 + 변경금지,,2000년대,예,환경,
209,서울의 역사,/node/209,데이터로 본 서울(콘텐츠),지도로 본 서울 > 지도로 본 서울 2000,제 4유형 : 출처표시 + 상업적 이용금지 + 변경금지,,,예,공통기초,
210,시가지 확산,/node/210,데이터로 본 서울(콘텐츠),지도로 본 서울 > 지도로 본 서울 2000,제 4유형 : 출처표시 + 상업적 이용금지 + 변경금지,,"1990년대 이전, 2000년대",예,공통기초,
212,현행 행정구역,/node/212,데이터로 본 서울(콘텐츠),지도로 본 서울 > 지도로 본 서울 2000,제 4유형 : 출처표시 + 상업적 이용금지 + 변경금지,,2000년대,예,공통기초,
213,인구변화,/node/213,데이터로 본 서울(콘텐츠),지도로 본 서울 > 지도로 본 서울 2000,제 4유형 : 출처표시 + 상업적 이용금지 + 변경금지,,"2000년대, 1990년대 이전",예,인구가구,
214,인구밀도,/node/214,데이터로 본 서울(콘텐츠),지도로 본 서울 > 지도로 본 서울 2000,제 4유형 : 출처표시 + 상업적 이용금지 + 변경금지,,"2000년대, 1990년대 이전",예,인구가구,
215,인구이동,/node/215,데이터로 본 서울(콘텐츠),지도로 본 서울 > 지도로 본 서울 2000,제 4유형 : 출처표시 + 상업적 이용금지 + 변경금지,,"2000년대, 1990년대 이전",예,인구가구,
216,중위연령,/node/216,데이터로 본 서울(콘텐츠),지도로 본 서울 > 지도로 본 서울 2000,제 4유형 : 출처표시 + 상업적 이용금지 + 변경금지,,"2000년대, 1990년대 이전",예,인구가구,
217,총부양비,/node/217,데이터로 본 서울(콘텐츠),지도로 본 서울 > 지도로 본 서울 2000,제 4유형 : 출처표시 + 상업적 이용금지 + 변경금지,,"2000년대, 1990년대 이전",예,인구가구,
218,노인인구비율,/node/218,데이터로 본 서울(콘텐츠),지도로 본 서울 > 지도로 본 서울 2000,제 4유형 : 출처표시 + 상업적 이용금지 + 변경금지,,"2000년대, 1990년대 이전",예,인구가구,
219,초등학교,/node/219,데이터로 본 서울(콘텐츠),지도로 본 서울 > 지도로 본 서울 2000,제 4유형 : 출처표시 + 상업적 이용금지 + 변경금지,,"2000년대, 1990년대 이전",예,교육,
220,중·고등학교,/node/220,데이터로 본 서울(콘텐츠),지도로 본 서울 > 지도로 본 서울 2000,제 4유형 : 출처표시 + 상업적 이용금지 + 변경금지,,"2000년대, 1990년대 이전",예,교육,
221,대학교 및 연구기관,/node/221,데이터로 본 서울(콘텐츠),지도로 본 서울 > 지도로 본 서울 2000,제 4유형 : 출처표시 + 상업적 이용금지 + 변경금지,,"2000년대, 1990년대 이전",예,교육,
222,문화시설,/node/222,데이터로 본 서울(콘텐츠),지도로 본 서울 > 지도로 본 서울 2000,제 4유형 : 출처표시 + 상업적 이용금지 + 변경금지,,2000년대,예,교육,
223,관광자원,/node/223,데이터로 본 서울(콘텐츠),지도로 본 서울 > 지도로 본 서울 2000,제 4유형 : 출처표시 + 상업적 이용금지 + 변경금지,,2000년대,예,교육,
224,언론 및 통신기관,/node/224,데이터로 본 서울(콘텐츠),지도로 본 서울 > 지도로 본 서울 2000,제 4유형 : 출처표시 + 상업적 이용금지 + 변경금지,,2000년대,예,교육,
225,사회복지시설,/node/225,데이터로 본 서울(콘텐츠),지도로 본 서울 > 지도로 본 서울 2000,제 4유형 : 출처표시 + 상업적 이용금지 + 변경금지,,2000년대,예,복지,
226,의료기관,/node/226,데이터로 본 서울(콘텐츠),지도로 본 서울 > 지도로 본 서울 2000,제 4유형 : 출처표시 + 상업적 이용금지 + 변경금지,,"2000년대, 1990년대 이전",예,"복지, 보건",
227,생활보호대상자,/node/227,데이터로 본 서울(콘텐츠),지도로 본 서울 > 지도로 본 서울 2000,제 4유형 : 출처표시 + 상업적 이용금지 + 변경금지,,"2000년대, 1990년대 이전",예,복지,
228,총사업체수,/node/228,데이터로 본 서울(콘텐츠),지도로 본 서울 > 지도로 본 서울 2000,제 4유형 : 출처표시 + 상업적 이용금지 + 변경금지,,"1990년대 이전, 2000년대",예,산업경제,
229,사업체종사자수,/node/229,데이터로 본 서울(콘텐츠),지도로 본 서울 > 지도로 본 서울 2000,제 4유형 : 출처표시 + 상업적 이용금지 + 변경금지,,"1990년대 이전, 2000년대",예,산업경제,
230,제조업체,/node/230,데이터로 본 서울(콘텐츠),지도로 본 서울 > 지도로 본 서울 2000,제 4유형 : 출처표시 + 상업적 이용금지 + 변경금지,,"2000년대, 1990년대 이전",예,산업경제,
231,3차산업,/node/231,데이터로 본 서울(콘텐츠),지도로 본 서울 > 지도로 본 서울 2000,제 4유형 : 출처표시 + 상업적 이용금지 + 변경금지,,"2000년대, 1990년대 이전",예,산업경제,
232,서비스업/도소매업/음식숙박업,/node/232,데이터로 본 서울(콘텐츠),지도로 본 서울 > 지도로 본 서울 2000,제 4유형 : 출처표시 + 상업적 이용금지 + 변경금지,,2000년대,예,산업경제,
233,문화산업,/node/233,데이터로 본 서울(콘텐츠),지도로 본 서울 > 지도로 본 서울 2000,제 4유형 : 출처표시 + 상업적 이용금지 + 변경금지,,2000년대,예,산업경제,
234,IT산업,/node/234,데이터로 본 서울(콘텐츠),지도로 본 서울 > 지도로 본 서울 2000,제 4유형 : 출처표시 + 상업적 이용금지 + 변경금지,,2000년대,예,산업경제,
235,재정,/node/235,데이터로 본 서울(콘텐츠),지도로 본 서울 > 지도로 본 서울 2000,제 4유형 : 출처표시 + 상업적 이용금지 + 변경금지,,"2000년대, 1990년대 이전",예,산업경제,
236,주택유형,/node/236,데이터로 본 서울(콘텐츠),지도로 본 서울 > 지도로 본 서울 2000,제 4유형 : 출처표시 + 상업적 이용금지 + 변경금지,,"2000년대, 1990년대 이전",예,주택,
237,주택점유형태,/node/237,데이터로 본 서울(콘텐츠),지도로 본 서울 > 지도로 본 서울 2000,제 4유형 : 출처표시 + 상업적 이용금지 + 변경금지,,"2000년대, 1990년대 이전",예,주택,
238,주택보급률,/node/238,데이터로 본 서울(콘텐츠),지도로 본 서울 > 지도로 본 서울 2000,제 4유형 : 출처표시 + 상업적 이용금지 + 변경금지,,"2000년대, 1990년대 이전",예,주택,
239,토지이용,/node/239,데이터로 본 서울(콘텐츠),지도로 본 서울 > 지도로 본 서울 2000,제 4유형 : 출처표시 + 상업적 이용금지 + 변경금지,,2000년대,예,토지이용,
240,도시계획,/node/240,데이터로 본 서울(콘텐츠),지도로 본 서울 > 지도로 본 서울 2000,제 4유형 : 출처표시 + 상업적 이용금지 + 변경금지,,2000년대,예,"토지이용, 도시계획",
241,도시개발 및 정비산업,/node/241,데이터로 본 서울(콘텐츠),지도로 본 서울 > 지도로 본 서울 2000,제 4유형 : 출처표시 + 상업적 이용금지 + 변경금지,,2000년대,예,"토지이용, 도시계획",
242,지가,/node/242,데이터로 본 서울(콘텐츠),지도로 본 서울 > 지도로 본 서울 2000,제 4유형 : 출처표시 + 상업적 이용금지 + 변경금지,,2000년대,예,토지이용,
243,대기,/node/243,데이터로 본 서울(콘텐츠),지도로 본 서울 > 지도로 본 서울 2000,제 4유형 : 출처표시 + 상업적 이용금지 + 변경금지,,"2000년대, 1990년대 이전",예,환경,
244,상수도,/node/244,데이터로 본 서울(콘텐츠),지도로 본 서울 > 지도로 본 서울 2000,제 4유형 : 출처표시 + 상업적 이용금지 + 변경금지,,"2000년대, 1990년대 이전",예,환경,
245,하수도,/node/245,데이터로 본 서울(콘텐츠),지도로 본 서울 > 지도로 본 서울 2000,제 4유형 : 출처표시 + 상업적 이용금지 + 변경금지,,2000년대,예,환경,
246,폐수배출업소,/node/246,데이터로 본 서울(콘텐츠),지도로 본 서울 > 지도로 본 서울 2000,제 4유형 : 출처표시 + 상업적 이용금지 + 변경금지,,"2000년대, 1990년대 이전",예,환경,
247,생활폐기물,/node/247,데이터로 본 서울(콘텐츠),지도로 본 서울 > 지도로 본 서울 2000,제 4유형 : 출처표시 + 상업적 이용금지 + 변경금지,,"2000년대, 1990년대 이전",예,자원순환,
248,식생,/node/248,데이터로 본 서울(콘텐츠),지도로 본 서울 > 지도로 본 서울 2000,제 4유형 : 출처표시 + 상업적 이용금지 + 변경금지,,2000년대,예,환경,
249,비오톱 유형 및 평가,/node/249,데이터로 본 서울(콘텐츠),지도로 본 서울 > 지도로 본 서울 2000,제 4유형 : 출처표시 + 상업적 이용금지 + 변경금지,,2000년대,예,환경,
250,공원,/node/250,데이터로 본 서울(콘텐츠),지도로 본 서울 > 지도로 본 서울 2000,제 4유형 : 출처표시 + 상업적 이용금지 + 변경금지,,2000년대,예,환경,
251,도로시설,/node/251,데이터로 본 서울(콘텐츠),지도로 본 서울 > 지도로 본 서울 2000,제 4유형 : 출처표시 + 상업적 이용금지 + 변경금지,,"2000년대, 1990년대 이전",예,교통,
252,속도 및 교통량,/node/252,데이터로 본 서울(콘텐츠),지도로 본 서울 > 지도로 본 서울 2000,제 4유형 : 출처표시 + 상업적 이용금지 + 변경금지,,"2000년대, 1990년대 이전",예,교통,
253,지하철,/node/253,데이터로 본 서울(콘텐츠),지도로 본 서울 > 지도로 본 서울 2000,제 4유형 : 출처표시 + 상업적 이용금지 + 변경금지,,"2000년대, 1990년대 이전",예,교통,
254,통근,/node/254,데이터로 본 서울(콘텐츠),지도로 본 서울 > 지도로 본 서울 2000,제 4유형 : 출처표시 + 상업적 이용금지 + 변경금지,,1990년대 이전,예,교통,
255,승용차보유,/node/255,데이터로 본 서울(콘텐츠),지도로 본 서울 > 지도로 본 서울 2000,제 4유형 : 출처표시 + 상업적 이용금지 + 변경금지,,"2000년대, 1990년대 이전",예,교통,
256,지형,/node/256,데이터로 본 서울(콘텐츠),지도로 본 서울 > 지도로 본 서울 2000,제 4유형 : 출처표시 + 상업적 이용금지 + 변경금지,,2000년대,예,지형,
257,역사,/node/257,데이터로 본 서울(콘텐츠),지도로 본 서울 > 지도로 본 서울 2000,제 4유형 : 출처표시 + 상업적 이용금지 + 변경금지,,2000년대,예,공통기초,
258,인구,/node/258,데이터로 본 서울(콘텐츠),지도로 본 서울 > 지도로 본 서울 2000,제 4유형 : 출처표시 + 상업적 이용금지 + 변경금지,,"2000년대, 1990년대 이전",예,인구가구,
259,인구밀도,/node/259,데이터로 본 서울(콘텐츠),지도로 본 서울 > 지도로 본 서울 2000,제 4유형 : 출처표시 + 상업적 이용금지 + 변경금지,,"1990년대 이전, 2000년대",예,인구가구,
260,사업체종사자수,/node/260,데이터로 본 서울(콘텐츠),지도로 본 서울 > 지도로 본 서울 2000,제 4유형 : 출처표시 + 상업적 이용금지 + 변경금지,,"1990년대 이전, 2000년대",예,산업경제,
261,제조업 및 서비스업,/node/261,데이터로 본 서울(콘텐츠),지도로 본 서울 > 지도로 본 서울 2000,제 4유형 : 출처표시 + 상업적 이용금지 + 변경금지,,"1990년대 이전, 2000년대",예,산업경제,
262,주택유형,/node/262,데이터로 본 서울(콘텐츠),지도로 본 서울 > 지도로 본 서울 2000,제 4유형 : 출처표시 + 상업적 이용금지 + 변경금지,,"1990년대 이전, 2000년대",예,주택,
263,토지이용,/node/263,데이터로 본 서울(콘텐츠),지도로 본 서울 > 지도로 본 서울 2000,제 4유형 : 출처표시 + 상업적 이용금지 + 변경금지,,"1990년대 이전, 2000년대",예,토지이용,
264,광역교통망,/node/264,데이터로 본 서울(콘텐츠),지도로 본 서울 > 지도로 본 서울 2000,제 4유형 : 출처표시 + 상업적 이용금지 + 변경금지,,2000년대,예,교통,
265,통근,/node/265,데이터로 본 서울(콘텐츠),지도로 본 서울 > 지도로 본 서울 2000,제 4유형 : 출처표시 + 상업적 이용금지 + 변경금지,,1990년대 이전,예,교통,
266,인구통계,/node/266,데이터로 본 서울(콘텐츠),통계로 본 서울 > 통계로 본 서울 인구,제 4유형 : 출처표시 + 상업적 이용금지 + 변경금지,,"1990년대 이전, 2000년대, 2010년대",예,인구가구,
267,인구변화와 인구성장률,/node/267,데이터로 본 서울(콘텐츠),통계로 본 서울 > 통계로 본 서울 인구,제 4유형 : 출처표시 + 상업적 이용금지 + 변경금지,,"1990년대 이전, 2000년대, 2010년대",예,인구가구,
268,2030년 인구 규모 예측,/node/268,데이터로 본 서울(콘텐츠),통계로 본 서울 > 통계로 본 서울 인구,제 4유형 : 출처표시 + 상업적 이용금지 + 변경금지,,"1990년대 이전, 2000년대, 2010년대",예,인구가구,
269,서울의 인구피라미드,/node/269,데이터로 본 서울(콘텐츠),통계로 본 서울 > 통계로 본 서울 인구,제 4유형 : 출처표시 + 상업적 이용금지 + 변경금지,,"1990년대 이전, 2000년대, 2010년대",예,인구가구,
270,성별 인구구조,/node/270,데이터로 본 서울(콘텐츠),통계로 본 서울 > 통계로 본 서울 인구,제 4유형 : 출처표시 + 상업적 이용금지 + 변경금지,,"1990년대 이전, 2000년대, 2010년대",예,인구가구,
271,연령별 인구구조,/node/271,데이터로 본 서울(콘텐츠),통계로 본 서울 > 통계로 본 서울 인구,제 4유형 : 출처표시 + 상업적 이용금지 + 변경금지,,"1990년대 이전, 2000년대, 2010년대",예,인구가구,
272,학령인구의 변화,/node/272,데이터로 본 서울(콘텐츠),통계로 본 서울 > 통계로 본 서울 인구,제 4유형 : 출처표시 + 상업적 이용금지 + 변경금지,,"1990년대 이전, 2000년대, 2010년대",예,인구가구,
273,교육수준별 인구구조,/node/273,데이터로 본 서울(콘텐츠),통계로 본 서울 > 통계로 본 서울 인구,제 4유형 : 출처표시 + 상업적 이용금지 + 변경금지,,"1990년대 이전, 2000년대, 2010년대",예,인구가구,
274,생산가능인구와 피부양인구,/node/274,데이터로 본 서울(콘텐츠),통계로 본 서울 > 통계로 본 서울 인구,제 4유형 : 출처표시 + 상업적 이용금지 + 변경금지,,"1990년대 이전, 2000년대, 2010년대",예,인구가구,
275,혼인 인구의 변화,/node/275,데이터로 본 서울(콘텐츠),통계로 본 서울 > 통계로 본 서울 인구,제 4유형 : 출처표시 + 상업적 이용금지 + 변경금지,,"1990년대 이전, 2000년대, 2010년대",예,인구가구,
276,외국인 인구,/node/276,데이터로 본 서울(콘텐츠),통계로 본 서울 > 통계로 본 서울 인구,제 4유형 : 출처표시 + 상업적 이용금지 + 변경금지,,"1990년대 이전, 2000년대, 2010년대",예,인구가구,
277,가구구조의 변화,/node/277,데이터로 본 서울(콘텐츠),통계로 본 서울 > 통계로 본 서울 인구,제 4유형 : 출처표시 + 상업적 이용금지 + 변경금지,,"1990년대 이전, 2000년대, 2010년대",예,인구가구,
278,가구소득,/node/278,데이터로 본 서울(콘텐츠),통계로 본 서울 > 통계로 본 서울 인구,제 4유형 : 출처표시 + 상업적 이용금지 + 변경금지,,"1990년대 이전, 2000년대, 2010년대",예,인구가구,
279,1인 가구,/node/279,데이터로 본 서울(콘텐츠),통계로 본 서울 > 통계로 본 서울 인구,제 4유형 : 출처표시 + 상업적 이용금지 + 변경금지,,"1990년대 이전, 2000년대, 2010년대",예,인구가구,
280,노인가구,/node/280,데이터로 본 서울(콘텐츠),통계로 본 서울 > 통계로 본 서울 인구,제 4유형 : 출처표시 + 상업적 이용금지 + 변경금지,,"1990년대 이전, 2000년대, 2010년대",예,인구가구,
281,이혼가구,/node/281,데이터로 본 서울(콘텐츠),통계로 본 서울 > 통계로 본 서울 인구,제 4유형 : 출처표시 + 상업적 이용금지 + 변경금지,,"1990년대 이전, 2000년대, 2010년대",예,인구가구,
282,다문화가구,/node/282,데이터로 본 서울(콘텐츠),통계로 본 서울 > 통계로 본 서울 인구,제 4유형 : 출처표시 + 상업적 이용금지 + 변경금지,,"1990년대 이전, 2000년대, 2010년대",예,인구가구,
283,정책적 시사점,/node/283,데이터로 본 서울(콘텐츠),통계로 본 서울 > 통계로 본 서울 인구,제 4유형 : 출처표시 + 상업적 이용금지 + 변경금지,,"1990년대 이전, 2000년대, 2010년대",예,인구가구,
284,경제통계의 의의와 활용,/node/284,데이터로 본 서울(콘텐츠),통계로 본 서울 > 통계로 본 서울 경제,제 4유형 : 출처표시 + 상업적 이용금지 + 변경금지,,"1990년대 이전, 2000년대, 2010년대",예,산업경제,
285,경제 및 산업 지표의 선정,/node/285,데이터로 본 서울(콘텐츠),통계로 본 서울 > 통계로 본 서울 경제,제 4유형 : 출처표시 + 상업적 이용금지 + 변경금지,,"1990년대 이전, 2010년대, 2000년대",예,산업경제,
286,지표로 본 서울경제,/node/286,데이터로 본 서울(콘텐츠),통계로 본 서울 > 통계로 본 서울 경제,제 4유형 : 출처표시 + 상업적 이용금지 + 변경금지,,"1990년대 이전, 2010년대, 2000년대",예,산업경제,
287,서울경제의 5대특성,/node/287,데이터로 본 서울(콘텐츠),통계로 본 서울 > 통계로 본 서울 경제,제 4유형 : 출처표시 + 상업적 이용금지 + 변경금지,,"1990년대 이전, 2010년대, 2000년대",예,산업경제,
288,서울의 산업구조,/node/288,데이터로 본 서울(콘텐츠),통계로 본 서울 > 통계로 본 서울 경제,제 4유형 : 출처표시 + 상업적 이용금지 + 변경금지,,"1990년대 이전, 2010년대, 2000년대",예,산업경제,
289,6대 전략산업의 특성,/node/289,데이터로 본 서울(콘텐츠),통계로 본 서울 > 통계로 본 서울 경제,제 4유형 : 출처표시 + 상업적 이용금지 + 변경금지,,"1990년대 이전, 2010년대, 2000년대",예,산업경제,
290,소매업,/node/290,데이터로 본 서울(콘텐츠),통계로 본 서울 > 통계로 본 서울 경제,제 4유형 : 출처표시 + 상업적 이용금지 + 변경금지,,"1990년대 이전, 2010년대, 2000년대",예,산업경제,
291,자영업,/node/291,데이터로 본 서울(콘텐츠),통계로 본 서울 > 통계로 본 서울 경제,제 4유형 : 출처표시 + 상업적 이용금지 + 변경금지,,"1990년대 이전, 2010년대, 2000년대",예,산업경제,
292,프랜차이즈,/node/292,데이터로 본 서울(콘텐츠),통계로 본 서울 > 통계로 본 서울 경제,제 4유형 : 출처표시 + 상업적 이용금지 + 변경금지,,"1990년대 이전, 2010년대, 2000년대",예,산업경제,
293,정책적 시사점,/node/293,데이터로 본 서울(콘텐츠),통계로 본 서울 > 통계로 본 서울 경제,제 4유형 : 출처표시 + 상업적 이용금지 + 변경금지,,"1990년대 이전, 2000년대, 2010년대",예,산업경제,
294,교통통계의 의의와 활용,/node/294,데이터로 본 서울(콘텐츠),통계로 본 서울 > 통계로 본 서울 교통,제 4유형 : 출처표시 + 상업적 이용금지 + 변경금지,,"1990년대 이전, 2000년대, 2010년대",예,교통,
295,교통통계의 선정,/node/295,데이터로 본 서울(콘텐츠),통계로 본 서울 > 통계로 본 서울 교통,제 4유형 : 출처표시 + 상업적 이용금지 + 변경금지,,"1990년대 이전, 2000년대, 2010년대",예,교통,
296,목적통행,/node/296,데이터로 본 서울(콘텐츠),통계로 본 서울 > 통계로 본 서울 교통,제 4유형 : 출처표시 + 상업적 이용금지 + 변경금지,,"1990년대 이전, 2000년대, 2010년대",예,교통,
297,수단통행,/node/297,데이터로 본 서울(콘텐츠),통계로 본 서울 > 통계로 본 서울 교통,제 4유형 : 출처표시 + 상업적 이용금지 + 변경금지,,"1990년대 이전, 2000년대, 2010년대",예,교통,
298,지하철,/node/298,데이터로 본 서울(콘텐츠),통계로 본 서울 > 통계로 본 서울 교통,제 4유형 : 출처표시 + 상업적 이용금지 + 변경금지,,"1990년대 이전, 2000년대, 2010년대",예,교통,
299,버스,/node/299,데이터로 본 서울(콘텐츠),통계로 본 서울 > 통계로 본 서울 교통,제 4유형 : 출처표시 + 상업적 이용금지 + 변경금지,,"1990년대 이전, 2000년대, 2010년대",예,교통,
300,보행,/node/300,데이터로 본 서울(콘텐츠),통계로 본 서울 > 통계로 본 서울 교통,제 4유형 : 출처표시 + 상업적 이용금지 + 변경금지,,"1990년대 이전, 2000년대, 2010년대",예,교통,
301,자전거,/node/301,데이터로 본 서울(콘텐츠),통계로 본 서울 > 통계로 본 서울 교통,제 4유형 : 출처표시 + 상업적 이용금지 + 변경금지,,"1990년대 이전, 2000년대, 2010년대",예,교통,
302,승용차,/node/302,데이터로 본 서울(콘텐츠),통계로 본 서울 > 통계로 본 서울 교통,제 4유형 : 출처표시 + 상업적 이용금지 + 변경금지,,"1990년대 이전, 2000년대, 2010년대",예,교통,
303,택시,/node/303,데이터로 본 서울(콘텐츠),통계로 본 서울 > 통계로 본 서울 교통,제 4유형 : 출처표시 + 상업적 이용금지 + 변경금지,,"1990년대 이전, 2000년대, 2010년대",예,교통,
304,주차,/node/304,데이터로 본 서울(콘텐츠),통계로 본 서울 > 통계로 본 서울 교통,제 4유형 : 출처표시 + 상업적 이용금지 + 변경금지,,"1990년대 이전, 2000년대, 2010년대",예,교통,
305,교통사고,/node/305,데이터로 본 서울(콘텐츠),통계로 본 서울 > 통계로 본 서울 교통,제 4유형 : 출처표시 + 상업적 이용금지 + 변경금지,,"1990년대 이전, 2000년대, 2010년대",예,교통,
306,도로시설,/node/306,데이터로 본 서울(콘텐츠),통계로 본 서울 > 통계로 본 서울 교통,제 4유형 : 출처표시 + 상업적 이용금지 + 변경금지,,"1990년대 이전, 2000년대, 2010년대",예,교통,
307,교통부문 에너지 및 환경,/node/307,데이터로 본 서울(콘텐츠),통계로 본 서울 > 통계로 본 서울 교통,제 4유형 : 출처표시 + 상업적 이용금지 + 변경금지,,"1990년대 이전, 2000년대, 2010년대",예,교통,
308,정책적 시사점,/node/308,데이터로 본 서울(콘텐츠),통계로 본 서울 > 통계로 본 서울 교통,제 4유형 : 출처표시 + 상업적 이용금지 + 변경금지,,"1990년대 이전, 2000년대, 2010년대",예,교통,
309,주택통행의 의의와 활용,/node/309,데이터로 본 서울(콘텐츠),통계로 본 서울 > 통계로 본 서울 주거,제 4유형 : 출처표시 + 상업적 이용금지 + 변경금지,,"1990년대 이전, 2000년대, 2010년대",예,주택,
310,주택통계의 선정,/node/310,데이터로 본 서울(콘텐츠),통계로 본 서울 > 통계로 본 서울 주거,제 4유형 : 출처표시 + 상업적 이용금지 + 변경금지,,"1990년대 이전, 2000년대, 2010년대",예,주택,
311,주택재고,/node/311,데이터로 본 서울(콘텐츠),통계로 본 서울 > 통계로 본 서울 주거,제 4유형 : 출처표시 + 상업적 이용금지 + 변경금지,,"1990년대 이전, 2000년대, 2010년대",예,주택,
312,주택공급,/node/312,데이터로 본 서울(콘텐츠),통계로 본 서울 > 통계로 본 서울 주거,제 4유형 : 출처표시 + 상업적 이용금지 + 변경금지,,"1990년대 이전, 2000년대, 2010년대",예,주택,
313,주택가격 동향,/node/313,데이터로 본 서울(콘텐츠),통계로 본 서울 > 통계로 본 서울 주거,제 4유형 : 출처표시 + 상업적 이용금지 + 변경금지,,"1990년대 이전, 2000년대, 2010년대",예,주택,
314,일반현황,/node/314,데이터로 본 서울(콘텐츠),통계로 본 서울 > 통계로 본 서울 주거,제 4유형 : 출처표시 + 상업적 이용금지 + 변경금지,,"1990년대 이전, 2000년대, 2010년대",예,주택,
315,저소득가구의 주거실태,/node/315,데이터로 본 서울(콘텐츠),통계로 본 서울 > 통계로 본 서울 주거,제 4유형 : 출처표시 + 상업적 이용금지 + 변경금지,,"1990년대 이전, 2000년대, 2010년대",예,주택,
316,1인 가구의 주거실태,/node/316,데이터로 본 서울(콘텐츠),통계로 본 서울 > 통계로 본 서울 주거,제 4유형 : 출처표시 + 상업적 이용금지 + 변경금지,,"1990년대 이전, 2000년대, 2010년대",예,주택,
317,고령가구의 주거실태,/node/317,데이터로 본 서울(콘텐츠),통계로 본 서울 > 통계로 본 서울 주거,제 4유형 : 출처표시 + 상업적 이용금지 + 변경금지,,"1990년대 이전, 2000년대, 2010년대",예,주택,
318,청년가구의 주거실태,/node/318,데이터로 본 서울(콘텐츠),통계로 본 서울 > 통계로 본 서울 주거,제 4유형 : 출처표시 + 상업적 이용금지 + 변경금지,,"1990년대 이전, 2000년대, 2010년대",예,주택,
319,서울↔인천·경기 인구 이동,/node/319,데이터로 본 서울(콘텐츠),통계로 본 서울 > 통계로 본 서울 주거,제 4유형 : 출처표시 + 상업적 이용금지 + 변경금지,,"1990년대 이전, 2000년대, 2010년대",예,주택,
320,전출입가구 이동 네트워크,/node/320,데이터로 본 서울(콘텐츠),통계로 본 서울 > 통계로 본 서울 주거,제 4유형 : 출처표시 + 상업적 이용금지 + 변경금지,,"1990년대 이전, 2000년대, 2010년대",예,주택,
321,서울 전출입 가구의 특성,/node/321,데이터로 본 서울(콘텐츠),통계로 본 서울 > 통계로 본 서울 주거,제 4유형 : 출처표시 + 상업적 이용금지 + 변경금지,,"1990년대 이전, 2000년대, 2010년대",예,주택,
322,30대 청년가구의 전출입 특성,/node/322,데이터로 본 서울(콘텐츠),통계로 본 서울 > 통계로 본 서울 주거,제 4유형 : 출처표시 + 상업적 이용금지 + 변경금지,,"1990년대 이전, 2000년대, 2010년대",예,주택,
323,60대 이상 고령가구의 전출입 특성,/node/323,데이터로 본 서울(콘텐츠),통계로 본 서울 > 통계로 본 서울 주거,제 4유형 : 출처표시 + 상업적 이용금지 + 변경금지,,"1990년대 이전, 2000년대, 2010년대",예,주택,
324,광역생활권 가구 현황과 특성,/node/324,데이터로 본 서울(콘텐츠),통계로 본 서울 > 통계로 본 서울 주거,제 4유형 : 출처표시 + 상업적 이용금지 + 변경금지,,"1990년대 이전, 2000년대, 2010년대",예,주택,
325,Population Growth,/node/325,데이터로 본 서울(콘텐츠),통계로 본 서울 > Seoul Statistical Series (영문판),제 4유형 : 출처표시 + 상업적 이용금지 + 변경금지,,"1990년대 이전, 2000년대, 2010년대",예,인구가구,
326,Demographics,/node/326,데이터로 본 서울(콘텐츠),통계로 본 서울 > Seoul Statistical Series (영문판),제 4유형 : 출처표시 + 상업적 이용금지 + 변경금지,,"1990년대 이전, 2000년대, 2010년대",예,인구가구,
327,Household Structure,/node/327,데이터로 본 서울(콘텐츠),통계로 본 서울 > Seoul Statistical Series (영문판),제 4유형 : 출처표시 + 상업적 이용금지 + 변경금지,,"1990년대 이전, 2000년대, 2010년대",예,인구가구,
328,The Economy of Seoul,/node/328,데이터로 본 서울(콘텐츠),통계로 본 서울 > Seoul Statistical Series (영문판),제 4유형 : 출처표시 + 상업적 이용금지 + 변경금지,,"1990년대 이전, 2000년대, 2010년대",예,산업경제,
329,Industries in Seoul,/node/329,데이터로 본 서울(콘텐츠),통계로 본 서울 > Seoul Statistical Series (영문판),제 4유형 : 출처표시 + 상업적 이용금지 + 변경금지,,"1990년대 이전, 2000년대, 2010년대",예,산업경제,
330,Person Trips,/node/330,데이터로 본 서울(콘텐츠),통계로 본 서울 > Seoul Statistical Series (영문판),제 4유형 : 출처표시 + 상업적 이용금지 + 변경금지,,"1990년대 이전, 2000년대, 2010년대",예,교통,
331,Public Transportation,/node/331,데이터로 본 서울(콘텐츠),통계로 본 서울 > Seoul Statistical Series (영문판),제 4유형 : 출처표시 + 상업적 이용금지 + 변경금지,,"1990년대 이전, 2000년대, 2010년대",예,교통,
332,Sustainable Transportation,/node/332,데이터로 본 서울(콘텐츠),통계로 본 서울 > Seoul Statistical Series (영문판),제 4유형 : 출처표시 + 상업적 이용금지 + 변경금지,,"1990년대 이전, 2000년대, 2010년대",예,교통,
333,Private Transportation,/node/333,데이터로 본 서울(콘텐츠),통계로 본 서울 > Seoul Statistical Series (영문판),제 4유형 : 출처표시 + 상업적 이용금지 + 변경금지,,"1990년대 이전, 2000년대, 2010년대",예,교통,
334,Others,/node/334,데이터로 본 서울(콘텐츠),통계로 본 서울 > Seoul Statistical Series (영문판),제 4유형 : 출처표시 + 상업적 이용금지 + 변경금지,,"1990년대 이전, 2000년대, 2010년대",예,교통,
335,Housing in Seoul,/node/335,데이터로 본 서울(콘텐츠),통계로 본 서울 > Seoul Statistical Series (영문판),제 4유형 : 출처표시 + 상업적 이용금지 + 변경금지,,"1990년대 이전, 2000년대, 2010년대",예,주택,
336,Residential Conditions of Seoul Citizens,/node/336,데이터로 본 서울(콘텐츠),통계로 본 서울 > Seoul Statistical Series (영문판),제 4유형 : 출처표시 + 상업적 이용금지 + 변경금지,,"1990년대 이전, 2000년대, 2010년대",예,주택,
337,Residential Mobility within the Seoul Metropolitan Area,/node/337,데이터로 본 서울(콘텐츠),통계로 본 서울 > Seoul Statistical Series (영문판),제 4유형 : 출처표시 + 상업적 이용금지 + 변경금지,,"1990년대 이전, 2000년대, 2010년대",예,주택,
338,인구개괄,/node/338,데이터로 본 서울(콘텐츠),지표로 본 서울 > 지표로 본 서울 2010,제 4유형 : 출처표시 + 상업적 이용금지 + 변경금지,,"1990년대 이전, 2000년대, 2010년대",예,인구가구,
339,인구의 자연적 증감,/node/339,데이터로 본 서울(콘텐츠),지표로 본 서울 > 지표로 본 서울 2010,제 4유형 : 출처표시 + 상업적 이용금지 + 변경금지,,"1990년대 이전, 2000년대, 2010년대",예,인구가구,
340,인구이동,/node/340,데이터로 본 서울(콘텐츠),지표로 본 서울 > 지표로 본 서울 2010,제 4유형 : 출처표시 + 상업적 이용금지 + 변경금지,,"1990년대 이전, 2000년대, 2010년대",예,인구가구,
341,가구변화,/node/341,데이터로 본 서울(콘텐츠),지표로 본 서울 > 지표로 본 서울 2010,제 4유형 : 출처표시 + 상업적 이용금지 + 변경금지,,"1990년대 이전, 2000년대, 2010년대",예,인구가구,
342,경제활동 인구 및 고용,/node/342,데이터로 본 서울(콘텐츠),지표로 본 서울 > 지표로 본 서울 2010,제 4유형 : 출처표시 + 상업적 이용금지 + 변경금지,,"1990년대 이전, 2000년대, 2010년대",예,산업경제,
343,면적과 인구밀도,/node/343,데이터로 본 서울(콘텐츠),지표로 본 서울 > 지표로 본 서울 2010,제 4유형 : 출처표시 + 상업적 이용금지 + 변경금지,,"1990년대 이전, 2000년대, 2010년대",예,인구가구,
344,가계지출,/node/344,데이터로 본 서울(콘텐츠),지표로 본 서울 > 지표로 본 서울 2010,제 4유형 : 출처표시 + 상업적 이용금지 + 변경금지,,"1990년대 이전, 2000년대, 2010년대",예,산업경제,
345,소비자 물가지수,/node/345,데이터로 본 서울(콘텐츠),지표로 본 서울 > 지표로 본 서울 2010,제 4유형 : 출처표시 + 상업적 이용금지 + 변경금지,,"1990년대 이전, 2000년대, 2010년대",예,산업경제,
346,일상소비 생활,/node/346,데이터로 본 서울(콘텐츠),지표로 본 서울 > 지표로 본 서울 2010,제 4유형 : 출처표시 + 상업적 이용금지 + 변경금지,,"1990년대 이전, 2000년대, 2010년대",예,산업경제,
347,생계와 직업,/node/347,데이터로 본 서울(콘텐츠),지표로 본 서울 > 지표로 본 서울 2010,제 4유형 : 출처표시 + 상업적 이용금지 + 변경금지,,"1990년대 이전, 2000년대, 2010년대",예,산업경제,
348,에너지 소비,/node/348,데이터로 본 서울(콘텐츠),지표로 본 서울 > 지표로 본 서울 2010,제 4유형 : 출처표시 + 상업적 이용금지 + 변경금지,,"1990년대 이전, 2000년대, 2010년대",예,환경,
349,주택,/node/349,데이터로 본 서울(콘텐츠),지표로 본 서울 > 지표로 본 서울 2010,제 4유형 : 출처표시 + 상업적 이용금지 + 변경금지,,"1990년대 이전, 2000년대, 2010년대",예,주택,
350,건축허가,/node/350,데이터로 본 서울(콘텐츠),지표로 본 서울 > 지표로 본 서울 2010,제 4유형 : 출처표시 + 상업적 이용금지 + 변경금지,,"1990년대 이전, 2000년대, 2010년대",예,주택,
351,주택재개발,/node/351,데이터로 본 서울(콘텐츠),지표로 본 서울 > 지표로 본 서울 2010,제 4유형 : 출처표시 + 상업적 이용금지 + 변경금지,,"1990년대 이전, 2000년대, 2010년대",예,주택,
352,도로,/node/352,데이터로 본 서울(콘텐츠),지표로 본 서울 > 지표로 본 서울 2010,제 4유형 : 출처표시 + 상업적 이용금지 + 변경금지,,"1990년대 이전, 2000년대, 2010년대",예,교통,
353,주차장,/node/353,데이터로 본 서울(콘텐츠),지표로 본 서울 > 지표로 본 서울 2010,제 4유형 : 출처표시 + 상업적 이용금지 + 변경금지,,"1990년대 이전, 2000년대, 2010년대",예,교통,
354,지하철,/node/354,데이터로 본 서울(콘텐츠),지표로 본 서울 > 지표로 본 서울 2010,제 4유형 : 출처표시 + 상업적 이용금지 + 변경금지,,"1990년대 이전, 2000년대, 2010년대",예,교통,
355,버스전용차로,/node/355,데이터로 본 서울(콘텐츠),지표로 본 서울 > 지표로 본 서울 2010,제 4유형 : 출처표시 + 상업적 이용금지 + 변경금지,,"1990년대 이전, 2000년대, 2010년대",예,교통,
356,보도 및 자전거도로,/node/356,데이터로 본 서울(콘텐츠),지표로 본 서울 > 지표로 본 서울 2010,제 4유형 : 출처표시 + 상업적 이용금지 + 변경금지,,"1990년대 이전, 2000년대, 2010년대",예,교통,
357,교량,/node/357,데이터로 본 서울(콘텐츠),지표로 본 서울 > 지표로 본 서울 2010,제 4유형 : 출처표시 + 상업적 이용금지 + 변경금지,,"1990년대 이전, 2000년대, 2010년대",예,교통,
358,터널,/node/358,데이터로 본 서울(콘텐츠),지표로 본 서울 > 지표로 본 서울 2010,제 4유형 : 출처표시 + 상업적 이용금지 + 변경금지,,"1990년대 이전, 2000년대, 2010년대",예,교통,
359,상수도,/node/359,데이터로 본 서울(콘텐츠),지표로 본 서울 > 지표로 본 서울 2010,제 4유형 : 출처표시 + 상업적 이용금지 + 변경금지,,"1990년대 이전, 2000년대, 2010년대",예,환경,
360,하수도,/node/360,데이터로 본 서울(콘텐츠),지표로 본 서울 > 지표로 본 서울 2010,제 4유형 : 출처표시 + 상업적 이용금지 + 변경금지,,"1990년대 이전, 2000년대, 2010년대",예,환경,
361,공원 및 녹지대,/node/361,데이터로 본 서울(콘텐츠),지표로 본 서울 > 지표로 본 서울 2010,제 4유형 : 출처표시 + 상업적 이용금지 + 변경금지,,"1990년대 이전, 2000년대, 2010년대",예,환경,
362,자동차등록대수,/node/362,데이터로 본 서울(콘텐츠),지표로 본 서울 > 지표로 본 서울 2010,제 4유형 : 출처표시 + 상업적 이용금지 + 변경금지,,"1990년대 이전, 2000년대, 2010년대",예,교통,
363,교통수단별 수송 분담,/node/363,데이터로 본 서울(콘텐츠),지표로 본 서울 > 지표로 본 서울 2010,제 4유형 : 출처표시 + 상업적 이용금지 + 변경금지,,"1990년대 이전, 2000년대, 2010년대",예,교통,
364,주요 지점별 교통량 및 통행속도,/node/364,데이터로 본 서울(콘텐츠),지표로 본 서울 > 지표로 본 서울 2010,제 4유형 : 출처표시 + 상업적 이용금지 + 변경금지,,"1990년대 이전, 2000년대, 2010년대",예,교통,
365,대중교통 수단,/node/365,데이터로 본 서울(콘텐츠),지표로 본 서울 > 지표로 본 서울 2010,제 4유형 : 출처표시 + 상업적 이용금지 + 변경금지,,"1990년대 이전, 2000년대, 2010년대",예,교통,
366,의료시설,/node/366,데이터로 본 서울(콘텐츠),지표로 본 서울 > 지표로 본 서울 2010,제 4유형 : 출처표시 + 상업적 이용금지 + 변경금지,,"1990년대 이전, 2000년대, 2010년대",예,복지,
367,교육시설,/node/367,데이터로 본 서울(콘텐츠),지표로 본 서울 > 지표로 본 서울 2010,제 4유형 : 출처표시 + 상업적 이용금지 + 변경금지,,"1990년대 이전, 2000년대, 2010년대",예,교육,
368,복지 및 문화시설,/node/368,데이터로 본 서울(콘텐츠),지표로 본 서울 > 지표로 본 서울 2010,제 4유형 : 출처표시 + 상업적 이용금지 + 변경금지,,"1990년대 이전, 2000년대, 2010년대",예,복지,
369,재정,/node/369,데이터로 본 서울(콘텐츠),지표로 본 서울 > 지표로 본 서울 2010,제 4유형 : 출처표시 + 상업적 이용금지 + 변경금지,,"1990년대 이전, 2000년대, 2010년대",예,산업경제,
370,자치구와 동,/node/370,데이터로 본 서울(콘텐츠),지표로 본 서울 > 지표로 본 서울 2010,제 4유형 : 출처표시 + 상업적 이용금지 + 변경금지,,"1990년대 이전, 2000년대, 2010년대",예,토지이용,
371,공무원 수,/node/371,데이터로 본 서울(콘텐츠),지표로 본 서울 > 지표로 본 서울 2010,제 4유형 : 출처표시 + 상업적 이용금지 + 변경금지,,"1990년대 이전, 2000년대, 2010년대",예,기업경영,
372,도시관리지표,/node/372,데이터로 본 서울(콘텐츠),지표로 본 서울 > 지표로 본 서울 2010,제 4유형 : 출처표시 + 상업적 이용금지 + 변경금지,,"1990년대 이전, 2000년대, 2010년대",예,환경,
373,인구개괄,/node/373,데이터로 본 서울(콘텐츠),지표로 본 서울 > 지표로 본 서울 2003,제 4유형 : 출처표시 + 상업적 이용금지 + 변경금지,,"1990년대 이전, 2000년대",예,인구가구,
374,면적과 인구밀도,/node/374,데이터로 본 서울(콘텐츠),지표로 본 서울 > 지표로 본 서울 2003,제 4유형 : 출처표시 + 상업적 이용금지 + 변경금지,,"1990년대 이전, 2000년대",예,인구가구,
375,연령별 인구구조,/node/375,데이터로 본 서울(콘텐츠),지표로 본 서울 > 지표로 본 서울 2003,제 4유형 : 출처표시 + 상업적 이용금지 + 변경금지,,"1990년대 이전, 2000년대",예,인구가구,
376,인구 이동,/node/376,데이터로 본 서울(콘텐츠),지표로 본 서울 > 지표로 본 서울 2003,제 4유형 : 출처표시 + 상업적 이용금지 + 변경금지,,"1990년대 이전, 2000년대",예,인구가구,
377,인구동태,/node/377,데이터로 본 서울(콘텐츠),지표로 본 서울 > 지표로 본 서울 2003,제 4유형 : 출처표시 + 상업적 이용금지 + 변경금지,,"1990년대 이전, 2000년대",예,인구가구,
378,경제활동 인구 및 고용,/node/378,데이터로 본 서울(콘텐츠),지표로 본 서울 > 지표로 본 서울 2003,제 4유형 : 출처표시 + 상업적 이용금지 + 변경금지,,"1990년대 이전, 2000년대",예,산업경제,
379,가계지출,/node/379,데이터로 본 서울(콘텐츠),지표로 본 서울 > 지표로 본 서울 2003,제 4유형 : 출처표시 + 상업적 이용금지 + 변경금지,,"1990년대 이전, 2000년대",예,산업경제,
380,소비자 물가지수,/node/380,데이터로 본 서울(콘텐츠),지표로 본 서울 > 지표로 본 서울 2003,제 4유형 : 출처표시 + 상업적 이용금지 + 변경금지,,"1990년대 이전, 2000년대",예,산업경제,
381,일상소비 생활,/node/381,데이터로 본 서울(콘텐츠),지표로 본 서울 > 지표로 본 서울 2003,제 4유형 : 출처표시 + 상업적 이용금지 + 변경금지,,"1990년대 이전, 2000년대",예,산업경제,
382,생계와 직업,/node/382,데이터로 본 서울(콘텐츠),지표로 본 서울 > 지표로 본 서울 2003,제 4유형 : 출처표시 + 상업적 이용금지 + 변경금지,,"1990년대 이전, 2000년대",예,산업경제,
383,에너지 소비,/node/383,데이터로 본 서울(콘텐츠),지표로 본 서울 > 지표로 본 서울 2003,제 4유형 : 출처표시 + 상업적 이용금지 + 변경금지,,"1990년대 이전, 2000년대",예,환경,
384,주택,/node/384,데이터로 본 서울(콘텐츠),지표로 본 서울 > 지표로 본 서울 2003,제 4유형 : 출처표시 + 상업적 이용금지 + 변경금지,,"1990년대 이전, 2000년대",예,주택,
385,건축허가,/node/385,데이터로 본 서울(콘텐츠),지표로 본 서울 > 지표로 본 서울 2003,제 4유형 : 출처표시 + 상업적 이용금지 + 변경금지,,"1990년대 이전, 2000년대",예,주택,
386,주택재개발,/node/386,데이터로 본 서울(콘텐츠),지표로 본 서울 > 지표로 본 서울 2003,제 4유형 : 출처표시 + 상업적 이용금지 + 변경금지,,"1990년대 이전, 2000년대",예,주택,
387,상수도,/node/387,데이터로 본 서울(콘텐츠),지표로 본 서울 > 지표로 본 서울 2003,제 4유형 : 출처표시 + 상업적 이용금지 + 변경금지,,"1990년대 이전, 2000년대",예,환경,
388,하수도,/node/388,데이터로 본 서울(콘텐츠),지표로 본 서울 > 지표로 본 서울 2003,제 4유형 : 출처표시 + 상업적 이용금지 + 변경금지,,"1990년대 이전, 2000년대",예,주택,
389,도로,/node/389,데이터로 본 서울(콘텐츠),지표로 본 서울 > 지표로 본 서울 2003,제 4유형 : 출처표시 + 상업적 이용금지 + 변경금지,,"1990년대 이전, 2000년대",예,교통,
390,교량,/node/390,데이터로 본 서울(콘텐츠),지표로 본 서울 > 지표로 본 서울 2003,제 4유형 : 출처표시 + 상업적 이용금지 + 변경금지,,"1990년대 이전, 2000년대",예,교통,
391,터널,/node/391,데이터로 본 서울(콘텐츠),지표로 본 서울 > 지표로 본 서울 2003,제 4유형 : 출처표시 + 상업적 이용금지 + 변경금지,,"1990년대 이전, 2000년대",예,교통,
392,지하철,/node/392,데이터로 본 서울(콘텐츠),지표로 본 서울 > 지표로 본 서울 2003,제 4유형 : 출처표시 + 상업적 이용금지 + 변경금지,,"1990년대 이전, 2000년대",예,교통,
393,공원 및 녹지대,/node/393,데이터로 본 서울(콘텐츠),지표로 본 서울 > 지표로 본 서울 2003,제 4유형 : 출처표시 + 상업적 이용금지 + 변경금지,,"1990년대 이전, 2000년대",예,환경,
394,자동차등록대수,/node/394,데이터로 본 서울(콘텐츠),지표로 본 서울 > 지표로 본 서울 2003,제 4유형 : 출처표시 + 상업적 이용금지 + 변경금지,,"1990년대 이전, 2000년대",예,교통,
395,교통수단별 수송 분담,/node/395,데이터로 본 서울(콘텐츠),지표로 본 서울 > 지표로 본 서울 2003,제 4유형 : 출처표시 + 상업적 이용금지 + 변경금지,,"1990년대 이전, 2000년대",예,교통,
396,주요 지점별 교통량 및 통행속도,/node/396,데이터로 본 서울(콘텐츠),지표로 본 서울 > 지표로 본 서울 2003,제 4유형 : 출처표시 + 상업적 이용금지 + 변경금지,,"1990년대 이전, 2000년대",예,교통,
397,대중교통 수단,/node/397,데이터로 본 서울(콘텐츠),지표로 본 서울 > 지표로 본 서울 2003,제 4유형 : 출처표시 + 상업적 이용금지 + 변경금지,,"1990년대 이전, 2000년대",예,교통,
398,주차장,/node/398,데이터로 본 서울(콘텐츠),지표로 본 서울 > 지표로 본 서울 2003,제 4유형 : 출처표시 + 상업적 이용금지 + 변경금지,,"1990년대 이전, 2000년대",예,교통,
399,의료시설,/node/399,데이터로 본 서울(콘텐츠),지표로 본 서울 > 지표로 본 서울 2003,제 4유형 : 출처표시 + 상업적 이용금지 + 변경금지,,"1990년대 이전, 2000년대",예,복지,
400,교육시설,/node/400,데이터로 본 서울(콘텐츠),지표로 본 서울 > 지표로 본 서울 2003,제 4유형 : 출처표시 + 상업적 이용금지 + 변경금지,,"1990년대 이전, 2000년대",예,교육,
401,복지 및 문화시설,/node/401,데이터로 본 서울(콘텐츠),지표로 본 서울 > 지표로 본 서울 2003,제 4유형 : 출처표시 + 상업적 이용금지 + 변경금지,,"1990년대 이전, 2000년대",예,복지,
402,재정,/node/402,데이터로 본 서울(콘텐츠),지표로 본 서울 > 지표로 본 서울 2003,제 4유형 : 출처표시 + 상업적 이용금지 + 변경금지,,"1990년대 이전, 2000년대",예,산업경제,
403,자치구와 동,/node/403,데이터로 본 서울(콘텐츠),지표로 본 서울 > 지표로 본 서울 2003,제 4유형 : 출처표시 + 상업적 이용금지 + 변경금지,,"1990년대 이전, 2000년대",예,토지이용,
404,공무원 수,/node/404,데이터로 본 서울(콘텐츠),지표로 본 서울 > 지표로 본 서울 2003,제 4유형 : 출처표시 + 상업적 이용금지 + 변경금지,,"1990년대 이전, 2000년대",예,기업경영,
405,도시관리지표,/node/405,데이터로 본 서울(콘텐츠),지표로 본 서울 > 지표로 본 서울 2003,제 4유형 : 출처표시 + 상업적 이용금지 + 변경금지,,"1990년대 이전, 2000년대",예,환경,
406,결론 및 시사점,/node/406,데이터로 본 서울(콘텐츠),통계로 본 서울 > 통계로 본 서울 주거,제 4유형 : 출처표시 + 상업적 이용금지 + 변경금지,,"1990년대 이전, 2000년대, 2010년대",예,주택,
55588,인구개괄,/node/55588,데이터로 본 서울(콘텐츠),데이터로 본 서울 > 데이터로 본 서울,제 1유형 : 출처표시,,"2000년대, 2010년대, 2020년대",아니오,인구가구,
55610,외국인,/node/55610,데이터로 본 서울(콘텐츠),데이터로 본 서울 > 데이터로 본 서울,제 1유형 : 출처표시,,"1990년대 이전, 2000년대, 2010년대, 2020년대",아니오,주택,
55626,인구구조,/node/55626,데이터로 본 서울(콘텐츠),데이터로 본 서울 > 데이터로 본 서울,제 1유형 : 출처표시,,"1990년대 이전, 2000년대, 2010년대, 2020년대",아니오,주택,
55632,인구밀도,/node/55632,데이터로 본 서울(콘텐츠),데이터로 본 서울 > 데이터로 본 서울,제 1유형 : 출처표시,,"2010년대, 2020년대",아니오,주택,
55643,인구피라미드,/node/55643,데이터로 본 서울(콘텐츠),데이터로 본 서울 > 데이터로 본 서울,제 1유형 : 출처표시,,"1990년대 이전, 2000년대, 2010년대, 2020년대",아니오,주택,
55693,부양비,/node/55693,데이터로 본 서울(콘텐츠),데이터로 본 서울 > 데이터로 본 서울,제 1유형 : 출처표시,,"1990년대 이전, 2000년대, 2010년대, 2020년대",아니오,주택,
65036,가구,/node/65036,데이터로 본 서울(콘텐츠),,,,,,,
65038,주택보급률,/node/65038,데이터로 본 서울(콘텐츠),데이터로 본 서울 > 데이터로 본 서울,제 1유형 : 출처표시,,"1990년대 이전, 2000년대, 2010년대, 2020년대",아니오,산업경제,
65039,주택유형,/node/65039,데이터로 본 서울(콘텐츠),,,,,,,
65040,주택점유형태,/node/65040,데이터로 본 서울(콘텐츠),,,,,,,
65158,인구(확장데이터),/node/65158,데이터로 본 서울(콘텐츠),,,,,,,
65166,주택유형,/node/65166,데이터로 본 서울(콘텐츠),데이터로 본 서울 > 데이터로 본 서울,제 1유형 : 출처표시,,"1990년대 이전, 2000년대, 2010년대, 2020년대",아니오,산업경제,
65167,주택점유형태,/node/65167,데이터로 본 서울(콘텐츠),데이터로 본 서울 > 데이터로 본 서울,제 1유형 : 출처표시,,"2000년대, 2010년대, 2020년대",아니오,산업경제,
65169,가구원 수,/node/65169,데이터로 본 서울(콘텐츠),,,,,,,
65172,주택 수,/node/65172,데이터로 본 서울(콘텐츠),데이터로 본 서울 > 데이터로 본 서울,제 1유형 : 출처표시,,"2010년대, 2020년대",아니오,산업경제,
65186,가구 수,/node/65186,데이터로 본 서울(콘텐츠),데이터로 본 서울 > 데이터로 본 서울,제 1유형 : 출처표시,,2020년대,아니오,산업경제,
65212,총사업체 수,/node/65212,데이터로 본 서울(콘텐츠),데이터로 본 서울 > 데이터로 본 서울,제 1유형 : 출처표시,,2020년대,아니오,산업경제,
65213,업종별 사업체 수,/node/65213,데이터로 본 서울(콘텐츠),데이터로 본 서울 > 데이터로 본 서울,제 1유형 : 출처표시,,"2010년대, 2020년대",아니오,산업경제,
65214,총종사자 수,/node/65214,데이터로 본 서울(콘텐츠),데이터로 본 서울 > 데이터로 본 서울,제 1유형 : 출처표시,,"2010년대, 2020년대",아니오,"주택, 산업경제",
65215,사업체 대표자,/node/65215,데이터로 본 서울(콘텐츠),데이터로 본 서울 > 데이터로 본 서울,제 1유형 : 출처표시,,2020년대,아니오,환경,
65233,생활이동,/node/65233,데이터로 본 서울(콘텐츠),,,,,,,
65246,생활이동 네트워크,/node/65246,데이터로 본 서울(콘텐츠),,,,,,,
65259,도로시설,/node/65259,데이터로 본 서울(콘텐츠),,,,,,,
65260,교통사고,/node/65260,데이터로 본 서울(콘텐츠),,,,,,,
65266,교통량 및 통행속도,/node/65266,데이터로 본 서울(콘텐츠),,,,,,,
65267,교통수단,/node/65267,데이터로 본 서울(콘텐츠),,,,,,,
65268,통행,/node/65268,데이터로 본 서울(콘텐츠),,,,,,,
65280,승용차 보유,/node/65280,데이터로 본 서울(콘텐츠),,,,,,,
65288,토지이용현황,/node/65288,데이터로 본 서울(콘텐츠),,,,,,,
65290,비오톱유형 및 평가,/node/65290,데이터로 본 서울(콘텐츠),,,,,,,
65296,현존식생,/node/65296,데이터로 본 서울(콘텐츠),,,,,,,
65300,지가,/node/65300,데이터로 본 서울(콘텐츠),,,,,,,
65312,생활인구,/node/65312,데이터로 본 서울(콘텐츠),,,,,,,
65322,도시계획,/node/65322,데이터로 본 서울(콘텐츠),,,,,,,
65325,불투수토양포장,/node/65325,데이터로 본 서울(콘텐츠),,,,,,,
65326,TEST ,/node/65326,데이터로 본 서울(콘텐츠),,,,,,,
65327,test,/node/65327,데이터로 본 서울(콘텐츠),,,,,,,
65347,서울도시기본계획이란?,/node/65347,데이터로 본 서울(콘텐츠),서울도시기본계획 모니터링 > 서울도시기본계획 모니터링 2023,제 4유형 : 출처표시 + 상업적 이용금지 + 변경금지,,,아니오,,
65350,모니터링은 왜 필요할까?,/node/65350,데이터로 본 서울(콘텐츠),서울도시기본계획 모니터링 > 서울도시기본계획 모니터링 2023,제 4유형 : 출처표시 + 상업적 이용금지 + 변경금지,,,아니오,,
65351,모니터링은 어떻게 구성되었나?,/node/65351,데이터로 본 서울(콘텐츠),서울도시기본계획 모니터링 > 서울도시기본계획 모니터링 2023,제 4유형 : 출처표시 + 상업적 이용금지 + 변경금지,,,아니오,,
65353,도시기본계획과 함께 보는 모니터링 변천사,/node/65353,데이터로 본 서울(콘텐츠),,,,,,,
65354,심층진단: 지구중심,/node/65354,데이터로 본 서울(콘텐츠),서울도시기본계획 모니터링 > 서울도시기본계획 모니터링 2022,제 4유형 : 출처표시 + 상업적 이용금지 + 변경금지,,,아니오,,
65355,서울의 주목할 만한 현주소(2022년),/node/65355,데이터로 본 서울(콘텐츠),서울도시기본계획 모니터링 > 서울도시기본계획 모니터링 2022,제 4유형 : 출처표시 + 상업적 이용금지 + 변경금지,,"2010년대, 2020년대",아니오,인구가구,
65357,서울의 주목할 만한 현주소(2022년),/node/65357,데이터로 본 서울(콘텐츠),서울도시기본계획 모니터링 > 서울도시기본계획 모니터링 2022,제 4유형 : 출처표시 + 상업적 이용금지 + 변경금지,,"2010년대, 2020년대",아니오,인구가구,
65358,서울의 주목할 만한 현주소(2022년),/node/65358,데이터로 본 서울(콘텐츠),서울도시기본계획 모니터링 > 서울도시기본계획 모니터링 2022,제 4유형 : 출처표시 + 상업적 이용금지 + 변경금지,,"2010년대, 2020년대",아니오,주택,
65359,서울의 주목할 만한 현주소(2022년),/node/65359,데이터로 본 서울(콘텐츠),서울도시기본계획 모니터링 > 서울도시기본계획 모니터링 2022,제 4유형 : 출처표시 + 상업적 이용금지 + 변경금지,,"2010년대, 2020년대",아니오,산업경제,
65360,서울의 주목할 만한 현주소(2022년),/node/65360,데이터로 본 서울(콘텐츠),서울도시기본계획 모니터링 > 서울도시기본계획 모니터링 2022,제 4유형 : 출처표시 + 상업적 이용금지 + 변경금지,,"2010년대, 2020년대",아니오,"토지이용, 산업경제",
65361,서울의 주목할 만한 현주소(2022년),/node/65361,데이터로 본 서울(콘텐츠),서울도시기본계획 모니터링 > 서울도시기본계획 모니터링 2022,제 4유형 : 출처표시 + 상업적 이용금지 + 변경금지,,"2010년대, 2020년대",아니오,"인구가구, 교통",
65362,서울의 주목할 만한 현주소(2022년),/node/65362,데이터로 본 서울(콘텐츠),서울도시기본계획 모니터링 > 서울도시기본계획 모니터링 2022,제 4유형 : 출처표시 + 상업적 이용금지 + 변경금지,,"2010년대, 2020년대",아니오,토지이용,
65363,서울도시기본계획 모니터링 리포트,/node/65363,데이터로 본 서울(콘텐츠),,,,,,,
65364,서울의 주목할 만한 현주소(2022년),/node/65364,데이터로 본 서울(콘텐츠),서울도시기본계획 모니터링 > 서울도시기본계획 모니터링 2022,제 4유형 : 출처표시 + 상업적 이용금지 + 변경금지,,"2010년대, 2020년대",아니오,"토지이용, 도시계획",
65365,서울의 주목할 만한 현주소(2022년),/node/65365,데이터로 본 서울(콘텐츠),서울도시기본계획 모니터링 > 서울도시기본계획 모니터링 2022,제 4유형 : 출처표시 + 상업적 이용금지 + 변경금지,,"2010년대, 2020년대",아니오,"도시계획, 산업경제",
65366,서울의 주목할 만한 현주소(2022년),/node/65366,데이터로 본 서울(콘텐츠),서울도시기본계획 모니터링 > 서울도시기본계획 모니터링 2022,제 4유형 : 출처표시 + 상업적 이용금지 + 변경금지,,"2010년대, 2020년대",아니오,"토지이용, 산업경제",
65367,2040 서울도시기본계획의 성과 진단지표,/node/65367,데이터로 본 서울(콘텐츠),서울도시기본계획 모니터링 > 서울도시기본계획 모니터링 2022,제 4유형 : 출처표시 + 상업적 이용금지 + 변경금지,,2020년대,아니오,도시계획,
65368,모니터링 리포트 다운로드,/node/65368,데이터로 본 서울(콘텐츠),서울도시기본계획 모니터링 > 서울도시기본계획 모니터링 2023,제 4유형 : 출처표시 + 상업적 이용금지 + 변경금지,,,아니오,,
65395,간단히 보는 도시변화 진단 결과(2022년),/node/65395,데이터로 본 서울(콘텐츠),,,,,,,
65396,간단히 보는 도시변화 진단 결과(2022년),/node/65396,데이터로 본 서울(콘텐츠),서울도시기본계획 모니터링 > 서울도시기본계획 모니터링 2022,제 4유형 : 출처표시 + 상업적 이용금지 + 변경금지,,,아니오,,
65397,심층진단: 복합건축물,/node/65397,데이터로 본 서울(콘텐츠),서울도시기본계획 모니터링 > 서울도시기본계획 모니터링 2022,제 4유형 : 출처표시 + 상업적 이용금지 + 변경금지,,,아니오,,
65408,서울의 주목할만한 현주소(2023),/node/65408,데이터로 본 서울(콘텐츠),서울도시기본계획 모니터링 > 서울도시기본계획 모니터링 2023,제 4유형 : 출처표시 + 상업적 이용금지 + 변경금지,,"2010년대, 2020년대",아니오,"인구가구, 주택",
65409,서울의 주목할만한 현주소(2023),/node/65409,데이터로 본 서울(콘텐츠),서울도시기본계획 모니터링 > 서울도시기본계획 모니터링 2023,제 4유형 : 출처표시 + 상업적 이용금지 + 변경금지,,"2010년대, 2020년대",아니오,주택,
65410,서울의 주목할만한 현주소(2023),/node/65410,데이터로 본 서울(콘텐츠),서울도시기본계획 모니터링 > 서울도시기본계획 모니터링 2023,제 4유형 : 출처표시 + 상업적 이용금지 + 변경금지,,"2010년대, 2020년대",아니오,토지이용,
65411,서울의 주목할만한 현주소(2023),/node/65411,데이터로 본 서울(콘텐츠),서울도시기본계획 모니터링 > 서울도시기본계획 모니터링 2023,제 4유형 : 출처표시 + 상업적 이용금지 + 변경금지,,"2010년대, 2020년대",아니오,"산업경제, 기업경영",
65412,서울의 주목할만한 현주소(2023),/node/65412,데이터로 본 서울(콘텐츠),서울도시기본계획 모니터링 > 서울도시기본계획 모니터링 2023,제 4유형 : 출처표시 + 상업적 이용금지 + 변경금지,,"2010년대, 2020년대",아니오,"산업경제, 토지이용",
65413,서울의 주목할만한 현주소(2023),/node/65413,데이터로 본 서울(콘텐츠),서울도시기본계획 모니터링 > 서울도시기본계획 모니터링 2023,제 4유형 : 출처표시 + 상업적 이용금지 + 변경금지,,"2010년대, 2020년대",아니오,"인구가구, 토지이용, 산업경제",
65414,서울의 주목할만한 현주소(2023),/node/65414,데이터로 본 서울(콘텐츠),서울도시기본계획 모니터링 > 서울도시기본계획 모니터링 2023,제 4유형 : 출처표시 + 상업적 이용금지 + 변경금지,,"2010년대, 2020년대",아니오,"환경, 자원순환",
65417,계획연도의 성과 진단지표 기준치,/node/65417,데이터로 본 서울(콘텐츠),서울도시기본계획 모니터링 > 서울도시기본계획 모니터링 2023,제 4유형 : 출처표시 + 상업적 이용금지 + 변경금지,,2020년대,아니오,도시계획,
65419,서울의 주목할만한 현주소(2023),/node/65419,데이터로 본 서울(콘텐츠),서울도시기본계획 모니터링 > 서울도시기본계획 모니터링 2023,제 4유형 : 출처표시 + 상업적 이용금지 + 변경금지,,"2010년대, 2020년대",아니오,인구가구,
65420,간단히 보는 도시변화 진단 결과(2023년),/node/65420,데이터로 본 서울(콘텐츠),서울도시기본계획 모니터링 > 서울도시기본계획 모니터링 2023,제 4유형 : 출처표시 + 상업적 이용금지 + 변경금지,,,아니오,,
65370,[Proto type] Contents,/node/65370,DXPR Layout,,,,,,,
65372,[갤러리] 데이터로 본 서울,/node/65372,DXPR Layout,,,,,,,
65377,조사데이터_new,/node/65377,DXPR Layout,,,,,,,
65384,조사데이터,/node/65384,DXPR Layout,,,,,,,
65387,[목차] 조사데이터 ,/node/65387,DXPR Layout,,,,,,,
65388,서울의 인구는 어떻게 변화하고 있을까?,/node/65388,DXPR Layout,데이터로 본 서울 > 데이터로 본 서울,제 1유형 : 출처표시,,2020년대,아니오,"환경, 안전재난",
65393,소비자체감경기지수(CSI)_test,/node/65393,DXPR Layout,,,,,,,
65400, 지하철역 근처가 핫플레이스? 일자리 많은 동네는 어디?,/node/65400,DXPR Layout,,,,,,,
65421,[Proto Type] 서울도시기본계획 모니터링 리포트,/node/65421,DXPR Layout,,,,,,,
65422,[Proto Type] 서울도시기본계획 모니터링 리포트2,/node/65422,DXPR Layout,,,,,,,
65429,서울연구데이터서비스,/node/65429,DXPR Layout,,,,,,,
65430,Theme test2,/node/65430,DXPR Layout,,,,,,,
65431,"2024 서울의 주목할만한 현주소, 시민생애주기",/node/65431,DXPR Layout,서울도시기본계획 모니터링 > 서울도시기본계획 모니터링 2024,제 4유형 : 출처표시 + 상업적 이용금지 + 변경금지,,"2010년대, 2020년대",아니오,"인구가구, 사회",
65433,collapse slider,/node/65433,DXPR Layout,,,,,,,
65434,"2024 서울의 주목할만한 현주소, 인구변화",/node/65434,DXPR Layout,서울도시기본계획 모니터링 > 서울도시기본계획 모니터링 2024,제 4유형 : 출처표시 + 상업적 이용금지 + 변경금지,,"2010년대, 2020년대",아니오,인구가구,
65435,서울의 주목할만한 현주소 ,/node/65435,DXPR Layout,,,,,,,
65437,"2024 서울의 주목할만한 현주소, 주택보급",/node/65437,DXPR Layout,서울도시기본계획 모니터링 > 서울도시기본계획 모니터링 2024,제 4유형 : 출처표시 + 상업적 이용금지 + 변경금지,,"2010년대, 2020년대",아니오,"주택, 인구가구",
65438,collapse test,/node/65438,DXPR Layout,,,,,,,
65439,현주소template,/node/65439,DXPR Layout,,,,,,,
65440,"2024 서울의 주목할만한 현주소, 주택유형",/node/65440,DXPR Layout,서울도시기본계획 모니터링 > 서울도시기본계획 모니터링 2024,제 4유형 : 출처표시 + 상업적 이용금지 + 변경금지,,"2010년대, 2020년대",아니오,"주택, 토지이용",
65441,"2024 서울의 주목할만한 현주소, 건축물생애주기",/node/65441,DXPR Layout,서울도시기본계획 모니터링 > 서울도시기본계획 모니터링 2024,제 4유형 : 출처표시 + 상업적 이용금지 + 변경금지,,"2010년대, 2020년대",아니오,"도시계획, 토지이용, 주택",
65442,"2024 서울의 주목할만한 현주소, 산업구조",/node/65442,DXPR Layout,서울도시기본계획 모니터링 > 서울도시기본계획 모니터링 2024,제 4유형 : 출처표시 + 상업적 이용금지 + 변경금지,,"2010년대, 2020년대",아니오,산업경제,
65443,"2024 서울의 주목할만한 현주소, 중심지",/node/65443,DXPR Layout,서울도시기본계획 모니터링 > 서울도시기본계획 모니터링 2024,제 4유형 : 출처표시 + 상업적 이용금지 + 변경금지,,"2010년대, 2020년대",아니오,"도시계획, 토지이용, 기업경영",
65444,"2024 서울의 주목할만한 현주소, 광역생활권",/node/65444,DXPR Layout,서울도시기본계획 모니터링 > 서울도시기본계획 모니터링 2024,제 4유형 : 출처표시 + 상업적 이용금지 + 변경금지,,"2010년대, 2020년대",아니오,"토지이용, 교통, 도시계획, 산업경제",
65445,"2024 서울의 주목할만한 현주소, 탄소배출",/node/65445,DXPR Layout,서울도시기본계획 모니터링 > 서울도시기본계획 모니터링 2024,제 4유형 : 출처표시 + 상업적 이용금지 + 변경금지,,"2010년대, 2020년대",아니오,"환경, 자원순환",
65446,working_landing,/node/65446,DXPR Layout,,,,,,,
65447,모니터링 _랜딩(폰트_테스트),/node/65447,DXPR Layout,,,,,,,
65450,서울도시기본계획 모니터링(2024),/node/65450,DXPR Layout,,,,,,,
65452,modal_test,/node/65452,DXPR Layout,,,,,,,
65453,서울도시기본계획모니터링 소개,/node/65453,DXPR Layout,,,,,,,
65454,서울도시기본계획모니터링 모아보기,/node/65454,DXPR Layout,,,,,,,
65455,서울도시기본계획모니터링 계획진단(2024),/node/65455,DXPR Layout,서울도시기본계획 모니터링 > 서울도시기본계획 모니터링 2024,제 4유형 : 출처표시 + 상업적 이용금지 + 변경금지,,2020년대,아니오,도시계획,
65460,서울경제동향_landing,/node/65460,DXPR Layout,,,,,,,
55582,[01호] 코로나19 확산에 따른 서울시 사회경제적 변화 분석(2~5월),/node/55582,인사이트 리포트,데이터로 본 서울 > 데이터로 본 서울,제 1유형 : 출처표시,,"1990년대 이전, 2000년대, 2010년대, 2020년대",아니오,인구가구,
55616,[02호] 도시데이터센서를 이용한 서울시 기온 분포 분석,/node/55616,인사이트 리포트,데이터로 본 서울 > 데이터로 본 서울,제 1유형 : 출처표시,,"1990년대 이전, 2000년대, 2010년대, 2020년대",아니오,인구가구,
55617,[03호] 부동산 등기데이터를 이용한 지역 간 부동산 거래분석,/node/55617,인사이트 리포트,데이터로 본 서울 > 데이터로 본 서울,제 1유형 : 출처표시,,"1990년대 이전, 2000년대, 2010년대, 2020년대",아니오,인구가구,
55682,[04호] 격랑의 2020년 vs 회복의 2021년,/node/55682,인사이트 리포트,데이터로 본 서울 > 데이터로 본 서울,제 1유형 : 출처표시,,"1990년대 이전, 2000년대, 2010년대, 2020년대",아니오,인구가구,
65165,[05호] 세대 간 자산 격차 분석: 가계금융복지데이터,/node/65165,인사이트 리포트,데이터로 본 서울 > 데이터로 본 서울,제 1유형 : 출처표시,,"1990년대 이전, 2000년대, 2010년대, 2020년대",아니오,인구가구,
65208,[06호] S·DoT 빅데이터를 이용한 서울시 주거지역 폭염 취약도 진단,/node/65208,인사이트 리포트,데이터로 본 서울 > 데이터로 본 서울,제 1유형 : 출처표시,,"1990년대 이전, 2000년대, 2010년대, 2020년대",아니오,인구가구,
408,서울형 통합교통서비스 인식 설문조사,/node/408,조사데이터,조사데이터 > 설문조사,제 4유형 : 출처표시 + 상업적 이용금지 + 변경금지,,2010년대,아니오,교통,
409,서울형 포용도시 지표 개발을 위한 일반시민 의견조사,/node/409,조사데이터,조사데이터 > 설문조사,제 4유형 : 출처표시 + 상업적 이용금지 + 변경금지,,2010년대,아니오,"산업경제, 사회",
410,서울시 문화예술동아리 실태조사에 관한 설문,/node/410,조사데이터,조사데이터 > 설문조사,제 4유형 : 출처표시 + 상업적 이용금지 + 변경금지,,2010년대,아니오,문화관광,
411,서울형 혁신교육지구 사업 운영실태 조사,/node/411,조사데이터,조사데이터 > 설문조사,제 4유형 : 출처표시 + 상업적 이용금지 + 변경금지,,2010년대,아니오,교육,
412,소규모 사업장의 환경인식 및 환경관리 설문조사,/node/412,조사데이터,조사데이터 > 설문조사,제 4유형 : 출처표시 + 상업적 이용금지 + 변경금지,,2010년대,아니오,환경,
413,서울 미래세대 인식조사,/node/413,조사데이터,조사데이터 > 설문조사,제 4유형 : 출처표시 + 상업적 이용금지 + 변경금지,,2010년대,아니오,사회,
414,서울시 지역특화발전특구 운영실태 및 개선방안에 관한 설문조사,/node/414,조사데이터,조사데이터 > 설문조사,제 4유형 : 출처표시 + 상업적 이용금지 + 변경금지,,2010년대,아니오,산업경제,
415,지역사회기반의 지역협치 모델 구축 방안 실태조사,/node/415,조사데이터,조사데이터 > 설문조사,제 4유형 : 출처표시 + 상업적 이용금지 + 변경금지,,2010년대,아니오,사회,
416,서울시 공공투자 사업관리체계 개선을 위한 의견 조사,/node/416,조사데이터,조사데이터 > 설문조사,제 4유형 : 출처표시 + 상업적 이용금지 + 변경금지,,2010년대,아니오,산업경제,
417,도심권 통행 행태 점검을 위한 설문조사,/node/417,조사데이터,조사데이터 > 설문조사,제 4유형 : 출처표시 + 상업적 이용금지 + 변경금지,,2010년대,아니오,교통,
418,하천수사용료 제도 관련 인식 설문조사,/node/418,조사데이터,조사데이터 > 설문조사,제 4유형 : 출처표시 + 상업적 이용금지 + 변경금지,,2010년대,아니오,환경,
419,도심권 자율주행자동차 이용 행태 점검을 위한 설문조사,/node/419,조사데이터,조사데이터 > 설문조사,제 4유형 : 출처표시 + 상업적 이용금지 + 변경금지,,2010년대,아니오,교통,
420,서울형 행복지표체계 조사,/node/420,조사데이터,조사데이터 > 설문조사,제 4유형 : 출처표시 + 상업적 이용금지 + 변경금지,,2010년대,아니오,사회,
421,서울시 건축물 안전에 관한 시민의식 조사,/node/421,조사데이터,조사데이터 > 설문조사,제 4유형 : 출처표시 + 상업적 이용금지 + 변경금지,,2010년대,아니오,안전재난,
422,서울시 영상미디어 창조인재의 노동시장 설문조사,/node/422,조사데이터,조사데이터 > 설문조사,제 4유형 : 출처표시 + 상업적 이용금지 + 변경금지,,2010년대,아니오,문화관광,
423,베이비붐 세대 일자리 수요조사,/node/423,조사데이터,조사데이터 > 설문조사,제 4유형 : 출처표시 + 상업적 이용금지 + 변경금지,,2010년대,아니오,산업경제,
424,저성장기 서울의 도시정책에 대한 시민의견조사,/node/424,조사데이터,조사데이터 > 설문조사,제 4유형 : 출처표시 + 상업적 이용금지 + 변경금지,,2010년대,아니오,도시계획,
425,청년활동 실태 및 지원사업 정책수요 조사,/node/425,조사데이터,조사데이터 > 설문조사,제 4유형 : 출처표시 + 상업적 이용금지 + 변경금지,,2010년대,아니오,사회,
426,반려동물 보유와 동물복지지원시설 수요에 관한 설문조사,/node/426,조사데이터,조사데이터 > 설문조사,제 4유형 : 출처표시 + 상업적 이용금지 + 변경금지,,2010년대,아니오,복지,
427,서울시 승용차 마일리지제 도입방안에 관한 설문조사,/node/427,조사데이터,조사데이터 > 설문조사,제 4유형 : 출처표시 + 상업적 이용금지 + 변경금지,,2010년대,아니오,교통,
428,자가용 승용차 수요 및 이용 특성 설문조사,/node/428,조사데이터,조사데이터 > 설문조사,제 4유형 : 출처표시 + 상업적 이용금지 + 변경금지,,2010년대,아니오,교통,
429,서울시 65세 이상 고령근로자 실태조사,/node/429,조사데이터,조사데이터 > 설문조사,제 4유형 : 출처표시 + 상업적 이용금지 + 변경금지,,2010년대,아니오,산업경제,
430,토지주택소유 의식조사,/node/430,조사데이터,조사데이터 > 설문조사,제 4유형 : 출처표시 + 상업적 이용금지 + 변경금지,,2010년대,아니오,주택,
431,종묘탑골공원 주변어르신 실태와 욕구조사,/node/431,조사데이터,조사데이터 > 설문조사,제 4유형 : 출처표시 + 상업적 이용금지 + 변경금지,,2010년대,아니오,복지,
432,서울시민의 유해화학물질에 대한 인식 설문조사,/node/432,조사데이터,조사데이터 > 설문조사,제 4유형 : 출처표시 + 상업적 이용금지 + 변경금지,,2010년대,아니오,환경,
433,서울시민 건설공사장 환경관리 인식,/node/433,조사데이터,조사데이터 > 설문조사,제 4유형 : 출처표시 + 상업적 이용금지 + 변경금지,,2010년대,아니오,환경,
434,나눔카 효과평가 심층 설문조사,/node/434,조사데이터,조사데이터 > 설문조사,제 4유형 : 출처표시 + 상업적 이용금지 + 변경금지,,2010년대,아니오,교통,
435,서울시 쇼핑관광 실태조사,/node/435,조사데이터,조사데이터 > 설문조사,제 4유형 : 출처표시 + 상업적 이용금지 + 변경금지,,2010년대,아니오,산업경제,
436,서울 주요 제조업 실태조사,/node/436,조사데이터,조사데이터 > 설문조사,제 4유형 : 출처표시 + 상업적 이용금지 + 변경금지,,2010년대,아니오,산업경제,
437,미래도시 서울에 관한 시민 인식조사,/node/437,조사데이터,조사데이터 > 설문조사,제 4유형 : 출처표시 + 상업적 이용금지 + 변경금지,,2010년대,아니오,사회,
438,서울형 주민자치 모델연구 대시민 설문조사,/node/438,조사데이터,조사데이터 > 설문조사,제 4유형 : 출처표시 + 상업적 이용금지 + 변경금지,,2010년대,아니오,사회,
439,공유경제 시민의식 및 이용자 설문조사,/node/439,조사데이터,조사데이터 > 설문조사,제 4유형 : 출처표시 + 상업적 이용금지 + 변경금지,,2010년대,아니오,산업경제,
440,주택시장 변화에 따른 서울시민 주택수요 특성 조사,/node/440,조사데이터,조사데이터 > 설문조사,제 4유형 : 출처표시 + 상업적 이용금지 + 변경금지,,2010년대,아니오,주택,
441,서울형 행복지수 시민의식 조사,/node/441,조사데이터,조사데이터 > 설문조사,제 4유형 : 출처표시 + 상업적 이용금지 + 변경금지,,2010년대,아니오,사회,
442,임대주택사업과 국공립어린이집 확충사업 정책만족도,/node/442,조사데이터,조사데이터 > 설문조사,제 4유형 : 출처표시 + 상업적 이용금지 + 변경금지,,2010년대,아니오,주택,
55620,서울복지실태조사 (2020),/node/55620,조사데이터,조사데이터 > 설문조사,제 4유형 : 출처표시 + 상업적 이용금지 + 변경금지,,2020년대,아니오,복지,
55621,서울복지실태조사 (2018),/node/55621,조사데이터,조사데이터 > 설문조사,제 4유형 : 출처표시 + 상업적 이용금지 + 변경금지,,2010년대,아니오,복지,
55622,서울복지실태조사 (2015),/node/55622,조사데이터,조사데이터 > 설문조사,제 4유형 : 출처표시 + 상업적 이용금지 + 변경금지,,2010년대,아니오,복지,
55623,가구통행실태조사 (1996~2020),/node/55623,조사데이터,조사데이터 > 설문조사,제 4유형 : 출처표시 + 상업적 이용금지 + 변경금지,,"1990년대 이전, 2000년대, 2010년대, 2020년대",아니오,교통,
55624,서울서베이,/node/55624,조사데이터,조사데이터 > 설문조사,제 4유형 : 출처표시 + 상업적 이용금지 + 변경금지,,,아니오,,
55625,서울서베이 (2015),/node/55625,조사데이터,조사데이터 > 설문조사,제 4유형 : 출처표시 + 상업적 이용금지 + 변경금지,,2010년대,아니오,사회,
55627,서울서베이 (2016),/node/55627,조사데이터,조사데이터 > 설문조사,제 4유형 : 출처표시 + 상업적 이용금지 + 변경금지,,2010년대,아니오,사회,
55628,서울서베이 (2017),/node/55628,조사데이터,조사데이터 > 설문조사,제 4유형 : 출처표시 + 상업적 이용금지 + 변경금지,,2010년대,아니오,사회,
55629,서울서베이 (2018) ,/node/55629,조사데이터,조사데이터 > 설문조사,제 4유형 : 출처표시 + 상업적 이용금지 + 변경금지,,2010년대,아니오,사회,
55630,서울서베이 (2019),/node/55630,조사데이터,조사데이터 > 설문조사,제 4유형 : 출처표시 + 상업적 이용금지 + 변경금지,,2010년대,아니오,사회,
65052,서울복지실태조사 (2020),/node/65052,조사데이터,조사데이터 > 설문조사,제 4유형 : 출처표시 + 상업적 이용금지 + 변경금지,,2020년대,아니오,복지,
65060,서울복지실태조사 (2018),/node/65060,조사데이터,조사데이터 > 설문조사,제 4유형 : 출처표시 + 상업적 이용금지 + 변경금지,,2010년대,아니오,복지,
65061,서울복지실태조사 (2015),/node/65061,조사데이터,조사데이터 > 설문조사,제 4유형 : 출처표시 + 상업적 이용금지 + 변경금지,,2010년대,아니오,복지,
65072,서울서베이 (2020),/node/65072,조사데이터,조사데이터 > 설문조사,제 4유형 : 출처표시 + 상업적 이용금지 + 변경금지,,2020년대,아니오,사회,
65241,서울서베이 (2021),/node/65241,조사데이터,조사데이터 > 설문조사,제 4유형 : 출처표시 + 상업적 이용금지 + 변경금지,,2020년대,아니오,사회,
65248,서울시 청년 불평등 관련 인식조사,/node/65248,조사데이터,조사데이터 > 설문조사,제 4유형 : 출처표시 + 상업적 이용금지 + 변경금지,,2020년대,아니오,"사회, 산업경제",
65252,그린인프라,/node/65252,조사데이터,조사데이터 > 설문조사,제 4유형 : 출처표시 + 상업적 이용금지 + 변경금지,,2020년대,아니오,환경,
65285,재난·사고 위험에 대한 서울시민 인식 설문조사,/node/65285,조사데이터,조사데이터 > 설문조사,제 4유형 : 출처표시 + 상업적 이용금지 + 변경금지,,2020년대,아니오,안전재난,
65332,서울복지실태조사 (2022)_ver.1,/node/65332,조사데이터,조사데이터 > 설문조사,제 4유형 : 출처표시 + 상업적 이용금지 + 변경금지,,2020년대,아니오,복지,
65342,서울복지실태조사 (2022),/node/65342,조사데이터,조사데이터 > 설문조사,제 4유형 : 출처표시 + 상업적 이용금지 + 변경금지,,2020년대,아니오,복지,
65343,서울시 저소득가구의 에너지 소비 실태와 복지 수요조사,/node/65343,조사데이터,조사데이터 > 설문조사,제 4유형 : 출처표시 + 상업적 이용금지 + 변경금지,,2010년대,아니오,환경,
65398,2021 청년패널조사,/node/65398,조사데이터,조사데이터 > 설문조사,제 4유형 : 출처표시 + 상업적 이용금지 + 변경금지,,2020년대,아니오,복지,
65399,2022 청년패널조사,/node/65399,조사데이터,조사데이터 > 설문조사,제 4유형 : 출처표시 + 상업적 이용금지 + 변경금지,,2020년대,아니오,복지,
65401,서울서베이 (2022),/node/65401,조사데이터,조사데이터 > 설문조사,제 4유형 : 출처표시 + 상업적 이용금지 + 변경금지,,2020년대,아니오,사회,
65451,양육서베이조사 (2024),/node/65451,조사데이터,조사데이터 > 설문조사,제 4유형 : 출처표시 + 상업적 이용금지 + 변경금지,,2020년대,아니오,사회,
65462,서울복지실태조사 (2024),/node/65462,조사데이터,조사데이터 > 설문조사,제 4유형 : 출처표시 + 상업적 이용금지 + 변경금지,,2020년대,아니오,복지,
65131,[01] SeMA 시약창고,/node/65131,서울의 근현대유산,서울의 근현대유산 > 서울의 근현대유산,제 4유형 : 출처표시 + 상업적 이용금지 + 변경금지,,,아니오,문화관광,
65132,[02] 동대문운동장,/node/65132,서울의 근현대유산,서울의 근현대유산 > 서울의 근현대유산,제 4유형 : 출처표시 + 상업적 이용금지 + 변경금지,,,아니오,문화관광,
65133,[03] 중앙탕,/node/65133,서울의 근현대유산,서울의 근현대유산 > 서울의 근현대유산,제 4유형 : 출처표시 + 상업적 이용금지 + 변경금지,,,아니오,문화관광,
65134,[04] 오모테산도힐즈,/node/65134,서울의 근현대유산,서울의 근현대유산 > 서울의 근현대유산,제 4유형 : 출처표시 + 상업적 이용금지 + 변경금지,,,아니오,문화관광,
65135,[05] 다이바잇초메 상점가,/node/65135,서울의 근현대유산,서울의 근현대유산 > 서울의 근현대유산,제 4유형 : 출처표시 + 상업적 이용금지 + 변경금지,,,아니오,문화관광,
65136,[06] 메오토젠자이,/node/65136,서울의 근현대유산,서울의 근현대유산 > 서울의 근현대유산,제 4유형 : 출처표시 + 상업적 이용금지 + 변경금지,,,아니오,문화관광,
65137,[07] 딜쿠샤,/node/65137,서울의 근현대유산,서울의 근현대유산 > 서울의 근현대유산,제 4유형 : 출처표시 + 상업적 이용금지 + 변경금지,,,아니오,문화관광,
65138,"[08] 다다오청 URS27W,127,155,329",/node/65138,서울의 근현대유산,서울의 근현대유산 > 서울의 근현대유산,제 4유형 : 출처표시 + 상업적 이용금지 + 변경금지,,,아니오,문화관광,
65141,[09] 체부동 성결교회,/node/65141,서울의 근현대유산,서울의 근현대유산 > 서울의 근현대유산,제 4유형 : 출처표시 + 상업적 이용금지 + 변경금지,,,아니오,문화관광,
65142,[10] 반달할아버지 가옥,/node/65142,서울의 근현대유산,서울의 근현대유산 > 서울의 근현대유산,제 4유형 : 출처표시 + 상업적 이용금지 + 변경금지,,,아니오,문화관광,
65143,[11] 화산1914문화창의산업원구,/node/65143,서울의 근현대유산,서울의 근현대유산 > 서울의 근현대유산,제 4유형 : 출처표시 + 상업적 이용금지 + 변경금지,,,아니오,문화관광,
65144,[12] 메이지무라,/node/65144,서울의 근현대유산,서울의 근현대유산 > 서울의 근현대유산,제 4유형 : 출처표시 + 상업적 이용금지 + 변경금지,,,아니오,문화관광,
65145,[13] 청일집,/node/65145,서울의 근현대유산,서울의 근현대유산 > 서울의 근현대유산,제 4유형 : 출처표시 + 상업적 이용금지 + 변경금지,,,아니오,문화관광,
65146,[14] 이상화 고택,/node/65146,서울의 근현대유산,서울의 근현대유산 > 서울의 근현대유산,제 4유형 : 출처표시 + 상업적 이용금지 + 변경금지,,,아니오,문화관광,
65147,[15] 돈의문박물관마을,/node/65147,서울의 근현대유산,서울의 근현대유산 > 서울의 근현대유산,제 4유형 : 출처표시 + 상업적 이용금지 + 변경금지,,,아니오,문화관광,
65148,[16] 북촌 한옥마을,/node/65148,서울의 근현대유산,서울의 근현대유산 > 서울의 근현대유산,제 4유형 : 출처표시 + 상업적 이용금지 + 변경금지,,,아니오,문화관광,
65149,[17] 호젠지요코쵸,/node/65149,서울의 근현대유산,서울의 근현대유산 > 서울의 근현대유산,제 4유형 : 출처표시 + 상업적 이용금지 + 변경금지,,,아니오,문화관광,
65150,[18] 베이먼 카메라거리,/node/65150,서울의 근현대유산,서울의 근현대유산 > 서울의 근현대유산,제 4유형 : 출처표시 + 상업적 이용금지 + 변경금지,,,아니오,문화관광,
65151,[19] 세운메이커스큐브,/node/65151,서울의 근현대유산,서울의 근현대유산 > 서울의 근현대유산,제 4유형 : 출처표시 + 상업적 이용금지 + 변경금지,,,아니오,문화관광,
65152,[20] 초량 이바구길,/node/65152,서울의 근현대유산,서울의 근현대유산 > 서울의 근현대유산,제 4유형 : 출처표시 + 상업적 이용금지 + 변경금지,,,아니오,문화관광,
65153,[21] 서울생활문화유산자료조사,/node/65153,서울의 근현대유산,서울의 근현대유산 > 서울의 근현대유산,제 4유형 : 출처표시 + 상업적 이용금지 + 변경금지,,,아니오,문화관광,
65154,[22] 스트리트뮤지엄,/node/65154,서울의 근현대유산,서울의 근현대유산 > 서울의 근현대유산,제 4유형 : 출처표시 + 상업적 이용금지 + 변경금지,,,아니오,문화관광,
65155,"[23] 잘가, 동대문운동장",/node/65155,서울의 근현대유산,서울의 근현대유산 > 서울의 근현대유산,제 4유형 : 출처표시 + 상업적 이용금지 + 변경금지,,,아니오,문화관광,
65156,[24] 40계단 문화관광테마거리,/node/65156,서울의 근현대유산,서울의 근현대유산 > 서울의 근현대유산,제 4유형 : 출처표시 + 상업적 이용금지 + 변경금지,,,아니오,문화관광,
65157,[25] 영등포교도소 개방행사,/node/65157,서울의 근현대유산,서울의 근현대유산 > 서울의 근현대유산,제 4유형 : 출처표시 + 상업적 이용금지 + 변경금지,,,아니오,문화관광,
65173,개요,/node/65173,서울의 근현대유산,서울의 근현대유산 > 서울의 근현대유산,제 4유형 : 출처표시 + 상업적 이용금지 + 변경금지,,,아니오,문화관광,
